"","age_group","monthdate","J12_J18_prim","acm_noj_nodiarr_prim","A00_B99_prim","A00_A09_prim","A15_A19_prim","A20_A28_prim","A30_49_prim","A41_prim","A50_A64_prim","A65_A69_prim","A70_A74_prim","A75_A79_prim","A80_A89_prim","A09_A99_prim","B00_B09_prim","B15_B19_prim","B20_B24_prim","B25_B34_prim","B35_B49_prim","B50_B64_prim","B65_B83_prim","B85_B89_prim","B90_B94_prim","B95_B98_prim","B99_B99_prim","C00_D48_prim","C00_C97_prim","D00_D09_prim","D10_D36_prim","D37_D48_prim","D50_D53_prim","D55_D59_prim","D60_D64_prim","D65_D69_prim","D70_D77_prim","D80_D89_prim","E00_E90_prim","E00_E07_prim","E10_E14_prim","E15_E16_prim","E20_E35_prim","E40_E46_prim","E50_E64_prim","E65_E68_prim","E70_E90_prim","F00_F99_prim","G00_G99_prim","G00_G09_prim","G00_prim","G10_G14_prim","G20_G26_prim","G30_G32_prim","G35_G37_prim","G40_G47_prim","G50_G59_prim","G60_G64_prim","G70_G73_prim","G80_G83_prim","G90_G99_prim","H00_H59_prim","H60_H95_prim","H00_H06_prim","H10_H13_prim","H15_H22_prim","H25_H28_prim","H30_H36_prim","H40_H42_prim","H43_H45_prim","H46_H48_prim","H49_H52_prim","H53_H54_prim","H55_H59_prim","H60_H62_prim","H65_H75_prim","H80_H83_prim","H90_H95_prim","I00_I99_prim","I00_I02_prim","I05_I09_prim","I10_I15_prim","I20_I25_prim","I26_I28_prim","I30_I52_prim","I60_I69_prim","I70_I79_prim","I80_I89_prim","I95_I99_prim","K00_K99_prim","K00_K14_prim","K20_K31_prim","K35_K38_prim","K40_K46_prim","K50_K52_prim","K55_K63_prim","K65_K67_prim","K70_K77_prim","K80_K87_prim","K90_K93_prim","L00_L99_prim","L00_L08_prim","L10_L14_prim","L20_L30_prim","L40_L45_prim","L50_L54_prim","L55_L59_prim","L60_L75_prim","L80_L99_prim","M00_M99_prim","M00_M25_prim","M30_M36_prim","M40_M54_prim","M60_M79_prim","M80_M94_prim","M95_M99_prim","N00_N99_prim","N00_N08_prim","N10_N16_prim","N17_N19_prim","N20_N23_prim","N25_N29_prim","N30_N39_prim","N40_N51_prim","N60_N64_prim","N70_N77_prim","N80_N98_prim","O00_O99_prim","P00_P96_prim","P00_P04_prim","P05_P08_prim","P10_P15_prim","P20_P29_prim","P35_P39_prim","P50_P61_prim","P70_P74_prim","P75_P78_prim","P80_P83_prim","P90_P96_prim","Q00_Q99_prim","Q00_Q07_prim","Q10_Q18_prim","Q20_Q28_prim","Q30_Q34_prim","Q35_Q37_prim","Q38_Q45_prim","Q50_Q56_prim","Q60_Q64_prim","Q65_Q79_prim","Q80_Q89_prim","Q90_Q99_prim","R00_R99_prim","R00_R09_prim","R10_R19_prim","R20_R23_prim","R25_R29_prim","R30_R39_prim","R40_R46_prim","R47_R49_prim","R50_R69_prim","R70_R79_prim","R80_R82_prim","R83_R89_prim","R90_R94_prim","R95_R99_prim","S00_T98_prim","S00_S09_prim","S10_S19_prim","S20_S29_prim","S30_S39_prim","S40_S49_prim","S50_S59_prim","S60_S69_prim","S70_S79_prim","S80_S89_prim","S90_S99_prim","T00_T07_prim","T08_T14_prim","T15_T19_prim","T20_T32_prim","T33_T35_prim","T36_T50_prim","T51_T65_prim","T66_T78_prim","T79_T79_prim","T80_T88_prim","T90_T98_prim","V01_X59_prim","X60_X84_prim","X85_Y09_prim","V00_Y98_prim","Y10_Y99_prim","Z00_Z99_prim","Z00_Z13_prim","Z20_Z29_prim","Z30_Z39_prim","Z40_Z54_prim","Z55_Z65_prim","Z70_Z76_prim","Z80_Z99_prim"
"22550","co 2-59m A","2005-01-01",44,248,18,33,3,0,11,11,0,0,0,0,1,1,0,0,1,0,0,0,1,0,0,0,0,12,7,0,0,2,0,1,1,1,0,0,27,0,2,0,0,24,0,0,1,0,9,0,5,0,0,0,0,2,0,0,0,4,3,0,0,0,0,0,0,0,0,0,0,0,0,0,0,0,0,0,12,0,0,0,0,1,6,5,0,0,0,12,0,3,0,1,1,2,1,3,1,0,1,1,0,0,0,0,0,0,0,0,0,0,0,0,0,0,1,0,0,0,0,0,1,0,0,0,0,0,8,0,0,0,5,1,2,0,0,0,0,37,5,0,26,1,0,3,0,1,1,0,0,21,0,0,0,0,0,0,0,1,0,0,0,0,20,0,0,0,0,0,0,0,0,0,0,0,0,0,0,0,0,0,0,0,0,0,0,50,0,1,53,7,0,0,0,0,0,0,0,0
"22551","co 2-59m A","2005-02-01",46,214,14,30,3,0,6,6,0,0,0,0,1,1,0,1,1,0,0,1,0,0,0,0,0,17,9,0,0,2,0,1,2,2,1,0,18,0,0,0,0,15,1,0,2,0,9,0,3,0,0,0,0,6,0,0,0,0,3,0,0,0,0,0,0,0,0,0,0,0,0,0,0,0,0,0,5,0,0,0,0,0,4,1,0,0,0,14,0,4,0,0,0,3,5,2,0,0,1,1,0,0,0,0,0,0,0,0,0,0,0,0,0,0,2,1,0,1,0,0,0,0,0,0,0,0,13,1,0,0,6,2,1,0,2,0,1,30,6,0,15,0,0,6,0,0,0,3,0,16,0,0,0,0,0,0,0,0,0,0,0,0,16,0,0,0,0,0,0,0,0,0,0,0,0,0,0,0,0,0,0,0,0,0,0,38,0,2,42,6,0,0,0,0,0,0,0,0
"22552","co 2-59m A","2005-03-01",50,284,18,27,1,0,11,11,0,0,0,0,0,0,1,1,1,0,0,0,3,0,0,0,0,13,9,0,0,1,1,0,0,1,1,0,29,0,0,0,0,28,0,0,1,0,5,1,7,0,0,0,0,0,0,0,0,3,1,0,0,0,0,0,0,0,0,0,0,0,0,0,0,0,0,0,12,0,0,0,0,0,10,2,0,0,0,12,0,1,0,0,0,2,3,5,0,1,1,0,0,0,0,0,0,0,1,0,0,0,0,0,0,0,6,2,0,3,0,0,1,0,0,0,0,0,9,0,0,0,4,1,1,0,1,0,2,55,8,0,39,3,0,3,0,1,0,1,0,29,2,0,0,0,0,0,0,2,0,0,0,0,25,0,0,0,0,0,0,0,0,0,0,0,0,0,0,0,0,0,0,0,0,0,0,54,0,7,57,7,0,0,0,0,0,0,0,0
"22553","co 2-59m A","2005-04-01",42,264,17,43,2,1,10,9,0,0,0,0,0,2,0,0,1,0,1,0,0,0,0,0,0,21,14,0,0,4,0,0,1,2,0,0,23,0,1,0,0,18,0,0,4,0,3,0,4,0,0,0,0,1,0,0,0,0,2,0,0,0,0,0,0,0,0,0,0,0,0,0,0,0,0,0,14,0,0,0,0,0,11,3,0,0,0,12,0,2,1,0,1,2,1,3,0,2,2,2,0,0,0,0,0,0,0,0,0,0,0,0,0,0,1,0,0,0,0,0,1,0,0,0,0,0,8,1,0,0,6,0,0,0,0,0,1,54,6,0,38,3,1,3,0,0,0,2,1,18,0,0,0,0,0,0,0,0,0,0,0,0,18,0,0,0,0,0,0,0,0,0,0,0,0,0,0,0,0,0,0,0,0,0,0,43,0,3,43,3,0,0,0,0,0,0,0,0
"22554","co 2-59m A","2005-05-01",67,311,23,39,0,0,8,5,0,0,0,0,2,2,0,3,2,1,1,2,2,0,0,0,0,16,9,0,0,2,0,1,0,3,1,0,42,0,1,0,1,38,0,0,2,0,6,0,7,0,0,0,0,1,0,0,0,3,2,0,0,0,0,0,0,0,0,0,0,0,0,0,0,0,0,0,14,0,0,0,0,0,8,5,1,0,0,10,0,3,0,1,0,2,1,3,0,0,0,0,0,0,0,0,0,0,0,2,1,0,0,1,0,0,5,0,1,3,0,0,1,0,0,0,0,0,11,0,0,0,4,5,1,0,1,0,0,53,6,0,37,1,0,5,0,0,1,2,1,33,1,0,0,0,0,0,0,0,0,0,0,0,32,0,0,0,0,0,0,0,0,0,0,0,0,0,0,0,0,0,0,0,0,0,0,50,0,3,46,4,0,0,0,0,0,0,0,0
"22555","co 2-59m A","2005-06-01",66,251,18,28,1,0,13,13,0,0,0,0,0,1,0,0,1,1,0,0,1,0,0,0,0,13,8,0,0,2,0,1,1,1,0,0,22,0,0,0,1,21,0,0,0,0,8,0,0,0,0,0,0,4,0,0,0,0,4,0,0,0,0,0,0,0,0,0,0,0,0,0,0,0,0,0,9,0,0,0,0,1,7,1,0,0,0,14,0,2,1,0,0,2,3,4,1,1,0,0,0,0,0,0,0,0,0,1,1,0,0,0,0,0,6,0,1,3,0,1,1,0,0,0,0,0,14,1,0,0,8,4,1,0,0,0,0,50,6,0,35,0,0,4,0,2,1,2,0,12,0,0,0,0,0,0,0,0,0,0,0,0,12,0,0,0,0,0,0,0,0,0,0,0,0,0,0,0,0,0,0,0,0,0,0,48,0,1,50,7,0,0,0,0,0,0,0,0
"22556","co 2-59m A","2005-07-01",57,334,29,51,1,0,19,17,0,0,0,0,1,2,0,0,4,0,1,0,1,0,0,0,0,22,13,0,0,5,0,1,3,0,0,0,26,0,0,0,0,23,0,0,3,0,4,0,7,0,0,0,0,2,0,0,0,0,2,0,0,0,0,0,0,0,0,0,0,0,0,0,0,0,0,0,11,0,0,0,0,0,8,3,0,0,0,13,0,4,0,1,0,4,1,3,0,0,1,1,0,0,0,0,0,0,0,1,1,0,0,0,0,0,7,2,0,3,0,0,2,0,0,0,0,0,21,1,1,0,9,4,2,0,3,0,1,55,6,0,36,4,0,3,0,1,1,4,0,26,0,0,0,1,0,0,0,0,0,0,0,0,25,0,0,0,0,0,0,0,0,0,0,0,0,0,0,0,0,0,0,0,0,0,0,58,0,5,56,4,0,0,0,0,0,0,0,0
"22557","co 2-59m A","2005-08-01",48,260,22,32,1,0,16,16,0,0,0,0,0,1,0,1,0,0,0,1,1,1,0,0,0,11,9,0,0,0,0,0,0,0,2,0,20,0,1,0,0,18,0,0,1,0,5,0,4,2,0,0,0,0,0,1,0,0,2,0,0,0,0,0,0,0,0,0,0,0,0,0,0,0,0,0,6,0,0,0,0,0,4,2,0,0,0,16,0,2,0,0,1,5,2,2,0,4,1,1,0,0,0,0,0,0,0,1,1,0,0,0,0,0,3,0,0,1,0,0,2,0,0,0,0,0,15,2,0,0,8,4,0,0,0,0,1,45,6,0,22,1,0,9,0,1,2,3,1,17,0,0,0,0,0,0,0,0,0,0,0,0,17,0,0,0,0,0,0,0,0,0,0,0,0,0,0,0,0,0,0,0,0,0,0,50,0,2,56,14,0,0,0,0,0,0,0,0
"22558","co 2-59m A","2005-09-01",49,265,23,28,1,1,15,15,0,0,0,0,0,2,0,2,1,0,0,1,0,0,0,0,0,20,16,0,0,1,0,0,1,1,0,1,18,0,1,0,0,16,0,0,1,0,13,0,5,0,0,0,0,5,0,0,0,5,3,0,0,0,0,0,0,0,0,0,0,0,0,0,0,0,0,0,6,0,0,0,1,0,3,2,0,0,0,2,0,1,0,0,0,1,0,0,0,0,1,0,0,0,0,0,0,0,1,0,0,0,0,0,0,0,7,2,0,3,0,1,1,0,0,0,0,0,21,0,1,0,8,6,3,0,1,0,2,48,5,0,24,2,0,6,0,1,2,8,0,25,1,0,0,0,0,0,0,0,0,0,0,0,24,0,0,0,0,0,0,0,0,0,0,0,0,0,0,0,0,0,0,0,0,0,0,50,0,1,51,3,0,0,0,0,0,0,0,0
"22559","co 2-59m A","2005-10-01",53,261,23,22,1,0,17,17,0,0,0,0,1,1,1,0,1,0,1,0,0,0,0,0,0,19,5,0,0,1,1,2,5,2,0,3,23,0,0,0,0,21,0,0,2,0,7,1,7,1,0,0,0,2,0,0,0,1,2,0,0,0,0,0,0,0,0,0,0,0,0,0,0,0,0,0,11,0,0,0,0,0,6,5,0,0,0,8,0,0,0,0,0,4,2,2,0,0,1,0,0,0,0,0,0,0,1,0,0,0,0,0,0,0,5,1,0,3,0,0,1,0,0,0,0,0,16,1,0,0,6,2,2,0,2,0,3,52,6,0,33,3,1,5,0,0,1,2,1,22,0,0,0,0,0,0,0,0,0,0,0,0,22,0,0,0,0,0,0,0,0,0,0,0,0,0,0,0,0,0,0,0,0,0,0,46,0,3,44,3,0,0,0,0,0,0,0,0
"22560","co 2-59m A","2005-11-01",54,272,35,22,0,0,23,22,1,0,0,0,1,2,1,1,1,0,2,2,1,0,0,0,0,16,11,0,1,2,0,0,1,0,0,1,25,0,0,0,1,21,0,0,3,0,9,1,8,0,0,0,0,3,0,0,0,2,3,0,0,0,0,0,0,0,0,0,0,0,0,0,0,0,0,0,8,0,0,0,0,0,5,3,0,0,0,10,0,2,1,0,0,2,3,2,0,0,0,0,0,0,0,0,0,0,0,0,0,0,0,0,0,0,6,1,0,2,0,0,3,0,0,0,0,0,17,0,0,0,9,2,1,0,3,0,2,46,8,0,25,1,0,4,0,1,0,5,2,19,1,0,0,0,0,0,0,2,0,0,0,0,16,0,0,0,0,0,0,0,0,0,0,0,0,0,0,0,0,0,0,0,0,0,0,48,0,2,48,9,0,0,0,0,0,0,0,0
"22561","co 2-59m A","2005-12-01",55,300,20,25,0,1,14,11,0,0,0,0,0,1,0,1,1,1,0,1,0,0,0,0,0,21,12,0,1,3,0,0,2,2,0,1,30,0,1,0,0,25,0,0,4,0,8,0,5,1,0,0,0,4,0,0,0,1,2,0,0,0,0,0,0,0,0,0,0,0,0,0,0,0,0,0,9,0,0,0,0,0,6,2,0,1,0,17,0,8,0,0,0,3,2,4,0,0,0,0,0,0,0,0,0,0,0,0,0,0,0,0,0,0,5,0,0,5,0,0,0,0,0,0,0,0,15,2,0,0,8,3,0,0,1,0,1,50,7,0,31,1,0,5,0,0,2,3,1,28,0,0,0,0,0,0,0,3,0,0,0,0,25,0,0,0,0,0,0,0,0,0,0,0,0,0,0,0,0,0,0,0,0,0,0,59,0,5,63,8,0,0,0,0,0,0,0,0
"22562","co 2-59m A","2006-01-01",61,306,27,36,1,0,14,14,0,0,0,0,0,3,1,0,3,2,2,1,0,0,0,0,0,25,15,0,0,2,0,0,0,7,1,0,32,0,0,0,0,29,0,0,3,0,11,0,7,0,0,0,0,3,0,0,2,3,3,0,0,0,0,0,0,0,0,0,0,0,0,0,0,0,0,0,7,0,0,0,0,1,5,1,0,0,0,14,0,3,1,0,0,2,3,4,0,1,1,1,0,0,0,0,0,0,0,0,0,0,0,0,0,0,6,0,0,5,0,1,0,0,0,0,0,0,14,0,0,0,5,4,1,0,1,0,3,45,2,0,36,1,0,2,0,0,0,4,0,24,0,0,0,0,0,0,0,0,0,0,0,0,24,0,0,0,0,0,0,0,0,0,0,0,0,0,0,0,0,0,0,0,0,0,0,52,0,9,56,4,0,0,0,0,0,0,0,0
"22563","co 2-59m A","2006-02-01",50,250,17,23,1,0,11,10,0,0,0,0,0,0,0,1,1,1,0,1,1,0,0,0,0,19,12,0,1,3,0,0,1,0,2,0,20,0,0,0,1,17,0,0,2,0,7,0,4,0,0,0,0,1,0,0,0,4,2,0,0,0,0,0,0,0,0,0,0,0,0,0,0,0,0,0,9,0,0,0,0,1,4,4,0,0,0,11,0,0,1,0,1,4,3,0,1,1,0,0,0,0,0,0,0,0,0,1,0,0,0,0,1,0,3,0,0,3,0,0,0,0,0,0,0,0,14,0,0,0,7,4,1,0,1,0,1,58,6,0,36,1,0,7,0,2,2,4,0,16,2,0,0,0,0,0,0,2,0,0,0,0,12,0,0,0,0,0,0,0,0,0,0,0,0,0,0,0,0,0,0,0,0,0,0,46,0,3,43,3,0,0,0,0,0,0,0,0
"22564","co 2-59m A","2006-03-01",59,239,14,18,0,0,9,10,0,0,0,0,0,1,0,1,0,1,1,0,1,0,0,0,0,19,15,0,0,2,0,0,0,2,0,0,17,1,1,0,0,14,0,0,1,0,11,0,10,0,0,0,0,3,0,0,0,2,6,0,0,0,0,0,0,0,0,0,0,0,0,0,0,0,0,0,7,0,0,0,0,0,6,1,0,0,0,13,0,1,0,0,1,4,1,4,1,1,0,0,0,0,0,0,0,0,0,0,0,0,0,0,0,0,4,1,0,3,0,0,0,0,0,0,0,0,5,2,0,0,2,0,0,0,0,0,1,52,3,0,38,1,0,4,0,1,1,4,0,21,1,0,0,0,0,0,0,1,0,0,0,0,19,0,0,0,0,0,0,0,0,0,0,0,0,0,0,0,0,0,0,0,0,0,0,51,0,2,51,5,0,0,0,0,0,0,0,0
"22565","co 2-59m A","2006-04-01",65,245,20,21,2,0,11,11,0,0,0,0,0,0,1,2,0,0,1,1,2,0,0,0,0,14,10,0,1,1,0,0,0,2,0,0,23,0,0,0,1,21,0,0,1,0,11,0,8,0,0,0,0,3,0,0,0,1,7,0,0,0,0,0,0,0,0,0,0,0,0,0,0,0,0,0,10,0,0,0,0,1,7,2,0,0,0,7,0,2,0,0,0,3,0,2,0,0,1,1,0,0,0,0,0,0,0,0,0,0,0,0,0,0,5,0,0,2,0,1,2,0,0,0,0,0,7,1,0,0,6,0,0,0,0,0,0,37,6,0,21,3,0,2,0,0,1,2,2,21,2,0,0,0,0,0,0,0,0,0,0,0,19,0,0,0,0,0,0,0,0,0,0,0,0,0,0,0,0,0,0,0,0,0,0,58,0,3,62,7,0,0,0,0,0,0,0,0
"22566","co 2-59m A","2006-05-01",55,334,28,38,2,1,16,13,0,0,0,0,0,3,0,0,3,1,0,0,2,0,0,0,0,15,12,0,1,0,0,1,1,0,0,0,26,0,0,0,1,22,0,0,3,0,15,1,4,0,0,0,0,4,0,0,0,3,7,0,0,0,0,0,0,0,0,0,0,0,0,0,0,0,0,0,13,0,0,0,0,3,8,1,0,1,0,13,0,1,2,0,0,2,3,2,0,3,2,2,0,0,0,0,0,0,0,0,0,0,0,0,0,0,6,0,2,3,0,0,1,0,0,0,0,0,19,1,0,0,12,2,3,0,0,0,1,65,6,0,44,3,0,9,0,0,0,1,2,25,1,0,0,0,0,0,0,1,0,0,0,0,23,0,0,0,0,0,0,0,0,0,0,0,0,0,0,0,0,0,0,0,0,0,0,57,0,6,65,6,0,0,0,0,0,0,0,0
"22567","co 2-59m A","2006-06-01",74,330,19,35,0,0,15,14,0,0,0,0,0,2,0,0,0,0,1,0,0,0,1,0,0,17,12,0,0,0,0,0,1,3,0,1,40,0,0,0,0,34,0,0,6,0,13,1,6,1,0,1,0,3,0,0,1,0,6,0,0,0,0,0,0,0,0,0,0,0,0,0,0,0,0,0,8,0,1,0,0,1,5,1,0,0,0,13,0,1,0,1,0,6,0,4,0,1,0,0,0,0,0,0,0,0,0,1,0,0,0,1,0,0,6,1,0,2,0,2,1,0,0,0,0,0,9,0,0,0,3,1,3,0,1,0,1,65,7,0,43,2,0,5,0,2,2,3,1,27,0,0,0,0,0,0,0,0,0,0,0,0,27,0,0,0,0,0,0,0,0,0,0,0,0,0,0,0,0,0,0,0,0,0,0,68,0,1,68,8,0,0,0,0,0,0,0,0
"22568","co 2-59m A","2006-07-01",69,288,23,31,2,0,14,13,0,0,0,0,0,3,0,2,1,1,0,0,0,0,0,0,0,20,14,0,0,0,0,0,3,2,0,1,31,0,0,0,0,29,0,0,2,0,10,0,3,0,0,0,0,2,0,0,0,1,7,0,0,0,0,0,0,0,0,0,0,0,0,0,0,0,0,0,14,0,0,0,0,1,9,3,0,1,0,11,0,0,0,0,0,6,2,2,0,1,0,0,0,0,0,0,0,0,0,0,0,0,0,0,0,0,3,1,0,1,0,0,1,0,0,0,0,0,20,1,1,0,7,4,1,0,1,0,5,57,8,0,35,3,0,6,0,0,1,4,0,18,0,0,0,0,0,0,0,3,0,0,0,0,15,0,0,0,0,0,0,0,0,0,0,0,0,0,0,0,0,0,0,0,0,0,0,44,0,1,45,5,0,0,0,0,0,0,0,0
"22569","co 2-59m A","2006-08-01",49,311,19,34,4,0,8,8,0,0,0,0,0,2,1,0,2,0,0,0,2,0,0,0,0,15,10,0,0,0,0,2,1,1,1,0,21,0,0,0,0,17,1,0,3,0,10,1,8,1,0,0,0,1,0,0,1,2,4,0,0,0,0,0,0,0,0,0,0,0,0,0,0,0,0,0,12,0,0,0,0,1,7,4,0,0,0,19,0,3,1,0,0,6,2,7,0,0,1,1,0,0,0,0,0,0,0,0,0,0,0,0,0,0,3,0,0,2,0,0,1,0,0,0,0,0,17,2,1,0,7,1,3,0,2,0,1,63,12,0,39,1,0,6,0,0,0,4,1,26,2,0,0,0,0,0,0,1,0,0,0,0,23,0,0,0,0,0,0,0,0,0,0,0,0,0,0,0,0,0,0,0,0,0,0,65,0,3,58,4,0,0,0,0,0,0,0,0
"22570","co 2-59m A","2006-09-01",64,313,17,39,0,0,12,12,0,0,0,0,0,1,1,0,0,1,0,0,2,0,0,0,0,18,10,0,0,1,0,0,3,2,1,1,35,0,0,0,0,32,0,0,3,0,7,0,6,1,0,0,0,2,0,0,0,1,3,0,0,0,0,0,0,0,0,0,0,0,0,0,0,0,0,0,12,0,0,0,1,0,6,5,0,0,0,18,0,3,0,0,0,7,3,3,0,2,0,0,0,0,0,0,0,0,0,1,1,0,0,0,0,0,5,1,1,2,0,0,1,0,0,0,0,0,22,0,1,0,14,4,1,0,1,0,1,50,10,0,31,3,0,3,0,1,1,1,0,24,0,0,0,0,0,0,0,2,0,0,0,0,22,0,0,0,0,0,0,0,0,0,0,0,0,0,0,0,0,0,0,0,0,0,0,58,0,4,60,3,0,0,0,0,0,0,0,0
"22571","co 2-59m A","2006-10-01",73,259,17,23,0,0,14,13,0,0,0,0,1,0,0,0,0,0,0,1,1,0,0,0,0,14,9,0,1,0,0,1,0,2,0,1,17,0,0,0,0,14,0,0,3,0,4,0,3,1,0,0,1,1,0,0,0,0,1,0,0,0,0,0,0,0,0,0,0,0,0,0,0,0,0,0,13,0,0,0,0,1,8,2,0,2,0,13,0,2,1,0,0,2,4,4,0,0,1,1,0,0,0,0,0,0,0,1,0,1,0,0,0,0,11,1,2,6,0,0,2,0,0,0,0,0,14,0,0,1,8,2,1,0,1,0,1,47,6,0,32,1,0,3,0,2,0,1,2,22,0,0,0,0,0,0,0,3,0,0,0,0,19,0,0,0,0,0,0,0,0,0,0,0,0,0,0,0,0,0,0,0,0,0,0,57,0,2,55,3,0,0,0,0,0,0,0,0
"22572","co 2-59m A","2006-11-01",59,259,20,19,0,0,14,14,0,0,0,0,0,2,0,1,1,0,0,2,0,0,0,0,0,24,17,0,1,3,0,0,1,2,0,0,25,1,0,1,0,21,0,0,2,0,9,0,7,1,0,0,0,2,0,0,0,3,3,0,0,0,0,0,0,0,0,0,0,0,0,0,0,0,0,0,10,0,0,0,0,0,8,2,0,0,0,21,0,5,0,0,0,6,2,5,0,3,0,0,0,0,0,0,0,0,0,0,0,0,0,0,0,0,5,0,0,3,0,0,2,0,0,0,0,0,9,0,0,0,4,3,1,0,0,0,1,36,9,0,21,2,0,1,0,0,0,3,0,24,1,0,0,0,0,0,0,0,0,0,0,0,23,0,0,0,0,0,0,0,0,0,0,0,0,0,0,0,0,0,0,0,0,0,0,48,0,5,50,4,0,0,0,0,0,0,0,0
"22573","co 2-59m A","2006-12-01",60,280,21,29,1,0,14,13,0,0,0,0,1,2,0,0,1,0,0,1,1,0,0,0,0,15,10,0,1,0,0,0,0,2,2,0,22,0,0,0,0,18,0,0,4,0,9,0,6,1,0,0,0,3,0,0,0,1,4,0,0,0,0,0,0,0,0,0,0,0,0,0,0,0,0,0,13,0,0,0,0,1,9,3,0,0,0,10,0,0,1,1,0,1,2,3,1,1,1,1,0,0,0,0,0,0,0,1,0,0,0,0,1,0,6,1,1,1,0,0,3,0,0,0,0,0,8,0,0,0,2,4,1,0,0,0,1,50,8,0,22,3,0,10,0,2,1,4,0,33,3,1,0,0,0,0,0,1,0,0,0,0,28,0,0,0,0,0,0,0,0,0,0,0,0,0,0,0,0,0,0,0,0,0,0,54,0,3,51,5,0,0,0,0,0,0,0,0
"22574","co 2-59m A","2007-01-01",47,290,24,38,2,0,16,16,1,0,0,0,0,1,1,0,2,0,0,1,0,0,0,0,0,22,14,0,0,3,0,0,1,4,0,0,17,0,0,0,0,14,0,0,3,0,10,0,7,0,0,0,0,5,0,1,0,2,2,0,0,0,0,0,0,0,0,0,0,0,0,0,0,0,0,0,9,0,0,0,0,0,5,3,0,1,0,16,0,2,0,0,0,7,2,3,1,1,1,1,0,0,0,0,0,0,0,0,0,0,0,0,0,0,4,1,0,1,0,1,1,0,0,0,0,0,15,0,0,0,6,3,4,0,1,0,1,58,9,0,39,3,0,5,0,0,1,1,0,17,2,0,0,0,0,0,0,2,0,0,0,0,13,0,0,0,0,0,0,0,0,0,0,0,0,0,0,0,0,0,0,0,0,0,0,56,0,1,50,2,0,0,0,0,0,0,0,0
"22575","co 2-59m A","2007-02-01",55,246,16,27,0,0,10,12,0,0,0,0,0,0,0,1,2,0,0,2,0,1,0,0,0,11,6,0,0,0,0,1,0,2,1,1,22,0,0,0,0,17,0,0,5,0,7,1,2,0,0,0,0,3,0,0,0,0,3,0,0,0,0,0,0,0,0,0,0,0,0,0,0,0,0,0,8,0,1,0,0,0,3,4,0,0,0,9,0,0,0,0,0,5,3,0,0,1,0,0,0,0,0,0,0,0,0,0,0,0,0,0,0,0,5,2,0,2,0,1,0,0,0,0,0,0,9,0,0,0,4,1,1,0,2,0,1,51,5,0,33,4,0,5,0,0,2,0,2,19,1,0,0,0,0,0,0,2,0,0,0,0,16,0,0,0,0,0,0,0,0,0,0,0,0,0,0,0,0,0,0,0,0,0,0,49,1,5,51,7,0,0,0,0,0,0,0,0
"22576","co 2-59m A","2007-03-01",58,253,23,28,0,0,9,8,0,0,0,0,0,4,0,1,2,2,2,2,1,0,0,0,0,23,16,0,0,1,0,0,1,3,0,2,14,0,0,0,0,11,0,0,3,0,12,0,5,0,0,0,0,4,0,0,0,2,6,0,0,0,0,0,0,0,0,0,0,0,0,0,0,0,0,0,9,0,0,0,0,0,5,4,0,0,0,10,0,1,0,0,0,4,2,3,0,0,0,0,0,0,0,0,0,0,0,0,0,0,0,0,0,0,2,1,0,0,0,0,1,0,0,0,0,0,6,1,0,0,1,4,0,0,0,0,0,52,6,0,36,2,0,3,0,1,0,3,1,21,1,0,0,0,0,0,0,3,0,0,0,0,17,0,0,0,0,0,0,0,0,0,0,0,0,0,0,0,0,0,0,0,0,0,0,40,0,5,45,8,0,0,0,0,0,0,0,0
"22577","co 2-59m A","2007-04-01",49,256,22,30,0,0,12,12,0,0,0,0,1,2,0,3,2,0,0,2,0,0,0,0,0,20,13,0,0,2,0,0,2,0,2,1,25,0,0,0,1,23,0,0,1,0,7,0,3,0,0,0,0,4,0,1,0,0,2,0,0,0,0,0,0,0,0,0,0,0,0,0,0,0,0,0,12,0,0,0,0,1,10,1,0,0,0,12,0,4,0,0,0,2,4,2,0,0,1,1,0,0,0,0,0,0,0,0,0,0,0,0,0,0,5,1,1,1,0,0,2,0,0,0,0,0,10,1,0,0,5,1,0,0,0,1,2,42,6,0,30,1,0,2,0,0,1,1,1,13,0,0,0,0,0,0,0,1,0,0,0,0,12,0,0,0,0,0,0,0,0,0,0,0,0,0,0,0,0,0,0,0,0,0,0,52,0,3,49,2,0,0,0,0,0,0,0,0
"22578","co 2-59m A","2007-05-01",65,321,22,32,2,0,11,11,0,0,0,0,0,5,1,1,2,0,0,0,0,0,0,0,0,22,14,0,0,2,0,1,0,2,2,1,24,0,1,0,0,20,0,0,3,0,14,1,8,1,0,0,0,5,0,0,0,2,5,0,0,0,0,0,0,0,0,0,0,0,0,0,0,0,0,0,8,0,0,0,0,2,5,1,0,0,0,11,0,1,0,0,0,1,1,5,1,2,0,0,0,0,0,0,0,0,0,1,1,0,0,0,0,0,8,2,0,3,0,0,3,0,0,0,0,0,24,1,0,0,9,7,2,0,2,0,3,58,11,0,34,3,0,3,0,0,1,5,1,29,0,0,0,0,0,0,0,2,0,0,0,0,27,0,0,0,0,0,0,0,0,0,0,0,0,0,0,0,0,0,0,0,0,0,0,58,0,1,59,9,0,0,0,0,0,0,0,0
"22579","co 2-59m A","2007-06-01",72,349,16,46,1,0,11,11,0,0,0,0,0,1,0,0,0,0,1,1,1,0,0,0,0,15,8,0,0,2,0,0,1,3,1,0,35,0,1,0,0,26,1,0,7,0,11,0,3,2,0,0,0,1,0,0,0,3,5,0,0,0,0,0,0,0,0,0,0,0,0,0,0,0,0,0,9,0,0,0,1,0,8,0,0,0,0,17,0,6,0,1,0,6,1,3,0,0,3,1,0,1,0,1,0,0,0,0,0,0,0,0,0,0,8,0,0,5,0,1,2,0,0,0,0,0,34,1,0,0,14,12,2,0,4,0,1,65,7,0,43,5,0,4,0,2,0,1,3,20,0,0,0,0,0,0,0,2,0,0,0,0,18,0,0,0,0,0,0,0,0,0,0,0,0,0,0,0,0,0,0,0,0,0,0,59,0,3,61,8,0,0,0,0,0,0,0,0
"22580","co 2-59m A","2007-07-01",72,306,23,29,1,0,9,8,0,0,0,0,1,2,3,0,1,2,1,0,3,0,0,0,0,28,19,0,0,2,0,4,1,2,0,0,20,0,0,0,0,18,0,0,2,0,18,2,7,0,0,0,0,8,0,0,0,1,7,0,0,0,0,0,0,0,0,0,0,0,0,0,0,0,0,0,11,0,0,0,0,0,8,3,0,0,0,11,0,2,1,0,0,6,1,1,0,0,1,1,0,0,0,0,0,0,0,1,0,0,0,1,0,0,6,2,2,0,0,1,1,0,0,0,0,0,20,0,0,0,7,8,1,0,3,1,0,62,5,1,39,7,0,5,0,0,0,4,1,15,0,1,0,0,0,0,0,0,0,0,0,0,14,0,0,0,0,0,0,0,0,0,0,0,0,0,0,0,0,0,0,0,0,0,0,47,0,7,55,7,0,0,0,0,0,0,0,0
"22581","co 2-59m A","2007-08-01",71,276,21,27,1,0,16,15,0,0,0,0,1,1,0,1,0,1,0,0,0,0,0,0,0,20,12,0,1,1,1,0,2,3,0,0,25,0,1,0,0,20,0,0,4,0,9,0,4,0,0,0,0,2,0,0,0,2,5,0,0,0,0,0,0,0,0,0,0,0,0,0,0,0,0,0,9,0,0,0,0,0,9,0,0,0,0,10,0,2,1,0,1,4,0,1,0,1,0,0,0,0,0,0,0,0,0,0,0,0,0,0,0,0,3,0,0,0,0,0,3,0,0,0,0,0,28,4,0,0,15,1,3,0,3,0,2,48,8,0,25,0,0,8,0,0,2,3,2,16,1,0,0,0,0,0,0,1,0,0,0,0,14,0,0,0,0,0,0,0,0,0,0,0,0,0,0,0,0,0,0,0,0,0,0,53,0,3,52,4,0,0,0,0,0,0,0,0
"22582","co 2-59m A","2007-09-01",49,259,22,30,0,0,12,12,0,0,0,0,1,2,0,0,3,3,0,1,0,0,0,0,0,13,10,0,0,1,0,0,1,1,0,0,13,0,0,1,0,12,0,0,0,0,6,0,9,0,0,0,0,3,0,0,0,0,3,0,0,0,0,0,0,0,0,0,0,0,0,0,0,0,0,0,10,0,0,0,0,0,7,3,0,0,0,16,0,3,0,0,0,4,2,3,1,3,0,0,0,0,0,0,0,0,0,0,0,0,0,0,0,0,5,1,1,2,0,0,1,0,0,0,0,0,10,1,0,0,6,2,1,0,0,0,0,53,6,0,32,3,1,9,0,0,0,2,0,16,0,0,0,0,0,0,0,1,0,0,0,0,15,0,0,0,0,0,0,0,0,0,0,0,0,0,0,0,0,0,0,0,0,0,0,59,0,3,53,3,0,0,0,0,0,0,0,0
"22583","co 2-59m A","2007-10-01",48,290,25,28,0,0,14,14,0,0,0,0,0,3,2,1,4,0,0,0,1,0,0,0,0,21,18,0,0,0,0,0,2,1,0,0,17,0,1,0,0,11,1,0,4,0,14,0,7,2,0,0,0,4,0,0,0,2,6,0,0,0,0,0,0,0,0,0,0,0,0,0,0,0,0,0,13,0,1,0,0,0,9,3,0,0,0,11,0,1,0,0,1,1,3,4,1,0,1,1,0,0,0,0,0,0,0,1,0,0,0,1,0,0,5,1,2,2,0,0,0,0,0,0,0,0,12,1,0,0,4,5,1,0,1,0,0,50,7,0,37,3,0,2,0,0,0,1,0,12,0,0,0,0,0,0,0,0,0,0,0,0,12,0,0,0,0,0,0,0,0,0,0,0,0,0,0,0,0,0,0,0,0,0,0,72,0,1,72,7,0,0,0,0,0,0,0,0
"22584","co 2-59m A","2007-11-01",41,285,24,23,1,0,11,11,1,0,0,0,0,5,1,2,1,1,1,0,0,0,0,0,0,17,10,0,0,2,0,1,1,3,0,0,20,0,0,0,1,15,0,0,4,0,12,2,5,0,0,0,0,3,0,0,0,2,5,0,0,0,0,0,0,0,0,0,0,0,0,0,0,0,0,0,14,0,0,0,0,3,8,3,0,0,0,12,0,3,1,0,0,1,5,2,0,0,0,0,0,0,0,0,0,0,0,0,0,0,0,0,0,0,4,0,0,1,0,1,2,0,0,0,0,0,11,0,0,0,2,4,2,0,1,0,2,53,11,0,29,3,0,6,0,0,0,3,1,23,1,0,0,0,0,0,0,1,0,0,0,0,21,0,0,0,0,0,0,0,0,0,0,0,0,0,0,0,0,0,0,0,0,0,0,62,0,4,62,6,0,0,0,0,0,0,0,0
"22585","co 2-59m A","2007-12-01",46,291,20,32,2,0,10,10,0,0,0,0,0,3,0,1,1,1,1,0,1,0,0,0,0,22,13,0,0,1,0,2,2,3,0,1,28,0,0,0,0,24,0,0,4,0,11,0,2,1,0,0,0,5,0,0,0,3,2,0,0,0,0,0,0,0,0,0,0,0,0,0,0,0,0,0,5,0,0,0,0,0,1,4,0,0,0,14,0,5,0,0,1,6,2,0,0,0,1,1,0,0,0,0,0,0,0,3,2,1,0,0,0,0,4,1,2,0,0,0,1,0,0,0,0,0,10,0,0,0,5,1,0,0,3,0,1,52,4,0,38,2,1,5,0,1,0,1,0,23,1,0,0,0,0,0,0,0,0,0,0,0,22,0,0,0,0,0,0,0,0,0,0,0,0,0,0,0,0,0,0,0,0,0,0,49,0,8,56,9,0,0,0,0,0,0,0,0
"22586","co 2-59m A","2008-01-01",36,231,9,18,0,0,5,5,0,0,0,0,0,2,0,1,0,0,1,0,0,0,0,0,0,15,10,0,1,2,0,0,1,1,0,0,22,0,0,0,0,17,0,0,5,0,13,1,6,0,0,1,0,4,0,0,0,4,3,0,0,0,0,0,0,0,0,0,0,0,0,0,0,0,0,0,5,0,0,0,0,0,4,1,0,0,0,8,0,1,0,1,0,1,1,2,0,2,0,0,0,0,0,0,0,0,0,2,0,1,0,0,1,0,4,1,0,3,0,0,0,0,0,0,0,0,15,1,0,0,8,2,1,0,2,0,1,51,9,0,32,1,0,5,0,1,1,2,0,17,2,0,0,0,0,0,0,4,0,0,0,0,11,0,0,0,0,0,0,0,0,0,0,0,0,0,0,0,0,0,0,0,0,0,0,45,0,4,41,3,0,0,0,0,0,0,0,0
"22587","co 2-59m A","2008-02-01",35,241,15,26,1,0,7,7,0,0,0,0,0,2,0,1,1,0,0,1,1,1,0,0,0,20,10,0,1,2,0,2,2,1,1,1,28,0,0,0,0,23,0,0,5,0,2,0,1,0,0,0,0,1,0,0,0,0,1,0,0,0,0,0,0,0,0,0,0,0,0,0,0,0,0,0,8,0,0,0,0,0,7,1,0,0,0,9,0,1,0,0,0,4,2,1,0,1,1,1,0,0,0,0,0,0,0,1,0,0,0,1,0,0,6,2,0,4,0,0,0,0,0,0,0,0,16,0,0,0,6,4,0,0,4,0,2,41,10,0,24,1,0,4,0,1,0,1,0,18,0,0,0,0,0,0,0,1,0,0,0,0,17,0,0,0,0,0,0,0,0,0,0,0,0,0,0,0,0,0,0,0,0,0,0,41,0,0,46,9,0,0,0,0,0,0,0,0
"22588","co 2-59m A","2008-03-01",43,272,22,21,3,0,13,13,0,0,0,0,3,1,0,0,0,0,0,0,1,0,1,0,0,13,10,0,0,3,0,0,0,0,0,0,20,0,0,1,0,16,1,0,2,0,14,0,4,0,0,0,0,6,0,0,0,2,6,0,0,0,0,0,0,0,0,0,0,0,0,0,0,0,0,0,5,0,0,0,0,0,4,1,0,0,0,6,0,2,0,0,0,2,0,2,0,0,1,1,0,0,0,0,0,0,0,0,0,0,0,0,0,0,7,1,1,3,0,0,1,1,0,0,0,0,38,6,0,0,18,9,2,0,1,1,1,56,8,0,34,3,0,5,0,0,1,4,1,14,0,1,0,0,0,0,0,2,0,0,0,0,11,0,0,0,0,0,0,0,0,0,0,0,0,0,0,0,0,0,0,0,0,0,0,46,0,5,41,4,0,0,0,0,0,0,0,0
"22589","co 2-59m A","2008-04-01",34,290,17,19,0,0,10,9,1,0,0,0,0,1,2,0,2,1,0,0,0,0,0,0,0,10,9,0,0,1,0,0,0,0,0,0,24,0,0,0,0,21,0,0,3,1,6,0,3,1,0,0,0,2,0,0,0,1,2,0,0,0,0,0,0,0,0,0,0,0,0,0,0,0,0,0,10,0,0,0,0,0,7,3,0,0,0,8,0,2,0,0,0,1,1,4,0,0,0,0,0,0,0,0,0,0,0,0,0,0,0,0,0,0,4,2,0,2,0,0,0,0,0,0,0,0,54,4,2,0,29,6,7,0,2,0,4,71,12,0,43,2,1,4,0,1,3,5,0,19,2,0,0,0,0,0,0,0,0,0,0,0,17,0,0,0,0,0,0,0,0,0,0,0,0,0,0,0,0,0,0,0,0,0,0,41,0,4,42,2,0,0,0,0,0,0,0,0
"22590","co 2-59m A","2008-05-01",45,320,15,23,0,0,9,7,0,0,0,0,1,2,0,0,0,1,0,0,1,1,0,0,0,17,12,0,1,1,0,2,0,0,1,0,16,0,0,0,0,16,0,0,0,0,7,0,6,0,0,0,0,3,0,0,0,1,3,0,0,0,0,0,0,0,0,0,0,0,0,0,0,0,0,0,11,0,0,0,0,1,8,2,0,0,0,11,0,1,1,1,0,3,2,3,0,0,1,0,0,1,0,0,0,0,0,0,0,0,0,0,0,0,2,0,0,1,0,0,1,0,0,0,0,0,82,11,0,0,38,20,9,0,4,0,0,65,16,0,36,3,0,5,0,1,2,2,0,16,1,0,0,0,0,0,0,1,0,0,0,0,14,0,0,0,0,0,0,0,0,0,0,0,0,0,0,0,0,0,0,0,0,0,0,51,0,0,42,3,0,0,0,0,0,0,0,0
"22591","co 2-59m A","2008-06-01",28,334,19,18,2,0,10,10,1,0,0,0,0,1,1,0,1,1,1,1,0,0,0,0,0,16,13,0,0,1,0,1,1,0,0,0,32,0,0,0,0,25,0,0,7,0,12,2,2,0,0,0,0,4,0,0,0,2,4,0,0,0,0,0,0,0,0,0,0,0,0,0,0,0,0,0,6,0,0,0,0,0,5,1,0,0,0,14,0,1,2,0,0,5,3,3,0,0,1,1,0,0,0,0,0,0,0,1,0,0,0,1,0,0,6,1,1,1,0,0,3,0,0,0,0,0,65,5,3,0,31,14,5,0,4,0,3,61,13,0,36,2,0,6,0,0,0,3,1,11,0,0,0,0,0,0,0,2,0,0,0,0,9,0,0,0,0,0,0,0,0,0,0,0,0,0,0,0,0,0,0,0,0,0,0,58,0,4,63,10,0,0,0,0,0,0,0,0
"22592","co 2-59m A","2008-07-01",33,333,18,16,1,0,8,8,0,0,0,0,1,4,1,1,0,1,1,0,0,0,0,0,0,13,9,0,0,1,0,0,0,1,1,1,18,0,0,0,0,17,0,0,1,0,7,0,4,1,0,0,0,3,0,0,0,0,3,0,0,0,0,0,0,0,0,0,0,0,0,0,0,0,0,0,1,0,0,0,0,0,0,1,0,0,0,12,0,1,1,0,0,5,0,3,1,1,1,1,0,0,0,0,0,0,0,0,0,0,0,0,0,0,5,0,0,3,0,1,1,0,0,0,0,0,100,3,0,0,53,26,9,0,3,0,6,70,9,0,39,7,0,5,0,2,5,0,3,19,2,0,0,0,0,0,0,1,0,0,0,0,16,0,0,0,0,0,0,0,0,0,0,0,0,0,0,0,0,0,0,0,0,0,0,44,0,3,51,6,0,0,0,0,0,0,0,0
"22593","co 2-59m A","2008-08-01",42,344,14,13,2,0,9,10,0,0,0,0,0,3,0,0,0,0,0,0,0,0,0,0,0,15,12,0,0,1,0,1,1,0,0,0,19,0,0,0,0,17,0,0,2,0,9,1,2,0,0,0,0,2,0,0,0,1,5,0,0,0,0,0,0,0,0,0,0,0,0,0,0,0,0,0,7,0,0,0,0,0,7,0,0,0,0,10,0,2,1,0,0,3,1,2,0,1,0,0,0,0,0,0,0,0,0,0,0,0,0,0,0,0,3,1,0,1,0,1,0,0,0,0,0,0,108,10,4,0,49,22,9,0,6,0,8,77,12,0,46,2,0,10,0,1,2,2,2,16,0,0,0,0,0,0,0,0,0,0,0,0,16,0,0,0,0,0,0,0,0,0,0,0,0,0,0,0,0,0,0,0,0,0,0,49,0,2,48,2,0,0,0,0,0,0,0,0
"22594","co 2-59m A","2008-09-01",44,356,21,11,4,0,9,9,0,0,0,0,0,3,0,0,0,2,0,2,1,0,0,0,0,8,5,0,0,1,0,1,0,1,0,0,24,0,0,1,0,21,0,0,2,0,12,0,5,1,0,0,0,4,0,1,0,2,4,0,0,0,0,0,0,0,0,0,0,0,0,0,0,0,0,0,5,0,0,0,0,0,5,0,0,0,0,12,0,1,0,0,0,9,0,0,1,1,0,0,0,0,0,0,0,0,0,1,1,0,0,0,0,0,5,0,0,3,0,0,2,0,0,0,0,0,100,8,2,0,47,22,8,0,6,0,7,87,13,0,52,4,0,7,0,4,1,5,1,14,1,0,0,0,0,0,0,0,0,0,0,0,13,0,0,0,0,0,0,0,0,0,0,0,0,0,0,0,0,0,0,0,0,0,0,45,0,2,52,10,0,0,0,0,0,0,0,0
"22595","co 2-59m A","2008-10-01",58,379,15,23,0,0,12,12,0,0,0,0,0,1,0,0,0,0,0,1,1,0,0,0,0,20,15,0,0,1,0,0,3,1,0,0,24,0,0,0,0,22,0,0,2,0,11,1,7,1,0,0,0,1,0,0,0,4,4,0,0,0,0,0,0,0,0,0,0,0,0,0,0,0,0,0,8,0,0,1,0,1,4,2,0,0,0,10,0,1,0,0,0,2,2,3,0,2,0,0,0,0,0,0,0,0,0,0,0,0,0,0,0,0,4,0,1,2,0,1,0,0,0,0,0,0,98,7,2,1,45,22,7,0,7,2,5,85,11,0,50,4,0,8,0,3,2,3,4,24,1,0,0,0,0,0,0,2,0,0,0,0,21,0,0,0,0,0,0,0,0,0,0,0,0,0,0,0,0,0,0,0,0,0,0,45,0,3,49,9,0,0,0,0,0,0,0,0
"22596","co 2-59m A","2008-11-01",48,385,23,13,0,0,16,16,0,0,0,0,0,1,1,1,0,1,1,0,2,0,0,0,0,8,5,0,0,1,0,0,1,0,1,0,17,0,0,0,0,14,0,0,3,0,7,1,2,0,0,0,0,4,0,0,0,1,1,0,0,0,0,0,0,0,0,0,0,0,0,0,0,0,0,0,8,0,0,0,0,0,5,3,0,0,0,13,0,1,0,0,1,4,1,5,1,0,1,1,0,0,0,0,0,0,0,0,0,0,0,0,0,0,4,2,0,1,0,0,1,0,0,0,0,0,109,4,1,0,49,24,13,0,13,0,5,93,14,0,59,5,0,8,0,2,1,1,3,23,2,0,0,0,0,0,0,1,0,0,0,0,20,0,0,0,0,0,0,0,0,0,0,0,0,0,0,0,0,0,0,0,0,0,0,45,0,6,55,15,0,0,0,0,0,0,0,0
"22597","co 2-59m A","2008-12-01",49,434,23,18,0,0,13,13,1,0,0,0,1,1,0,2,0,0,3,0,2,0,0,0,0,18,13,0,0,1,1,0,1,1,0,1,26,0,0,0,0,24,0,0,2,0,9,0,5,0,0,0,0,5,0,0,0,2,2,0,0,0,0,0,0,0,0,0,0,0,0,0,0,0,0,0,7,0,0,0,0,0,5,2,0,0,0,9,0,0,2,0,0,5,0,1,1,0,0,0,0,0,0,0,0,0,0,0,0,0,0,0,0,0,6,0,0,5,0,0,1,0,0,0,0,0,151,9,2,0,60,31,14,0,26,0,9,93,10,0,56,3,0,13,0,1,3,6,1,21,1,0,0,0,0,0,0,1,0,0,0,0,19,0,0,0,0,0,0,0,0,0,0,0,0,0,0,0,0,0,0,0,0,0,0,42,0,2,48,9,0,0,0,0,0,0,0,0
"22598","co 2-59m A","2009-01-01",37,289,13,24,1,0,9,10,0,0,0,0,1,0,0,0,0,0,2,0,0,0,0,0,0,17,9,0,1,3,0,0,2,1,0,1,26,0,0,0,0,21,0,0,5,0,15,1,5,0,0,0,0,4,0,0,1,4,5,0,0,0,0,0,0,0,0,0,0,0,0,0,0,0,0,0,9,0,0,1,0,1,7,0,0,0,0,18,0,2,1,0,0,9,2,4,0,0,0,0,0,0,0,0,0,0,0,1,0,0,0,1,0,0,7,1,0,5,0,1,0,0,0,0,0,0,24,3,0,0,9,1,1,0,8,0,2,42,9,0,23,4,0,3,0,0,2,1,0,18,0,0,0,0,0,0,0,1,0,0,0,0,17,0,0,0,0,0,0,0,0,0,0,0,0,0,0,0,0,0,0,0,0,0,0,62,0,4,67,9,0,0,0,0,0,0,0,0
"22599","co 2-59m A","2009-02-01",30,274,17,24,1,0,11,10,0,0,0,0,0,1,0,0,2,0,0,1,1,0,0,0,0,16,11,0,1,2,0,0,0,1,0,1,19,0,0,0,0,18,0,0,1,0,12,2,4,1,0,0,0,5,0,0,0,1,3,0,0,0,0,0,0,0,0,0,0,0,0,0,0,0,0,0,11,0,0,0,3,0,6,1,0,1,0,14,0,3,0,0,0,8,0,2,0,1,0,0,0,0,0,0,0,0,0,0,0,0,0,0,0,0,6,0,0,5,0,1,0,0,0,0,0,0,11,0,0,0,7,2,0,0,1,0,1,47,9,0,29,4,1,1,0,0,1,2,0,36,1,0,0,0,0,0,0,2,0,0,0,0,33,0,0,0,0,0,0,0,0,0,0,0,0,0,0,0,0,0,0,0,0,0,0,47,0,4,54,10,0,0,0,0,0,0,0,0
"22600","co 2-59m A","2009-03-01",41,260,10,17,1,0,5,5,0,0,0,0,1,1,0,0,2,0,0,0,0,0,0,0,0,29,18,0,0,5,0,1,0,2,2,1,29,0,0,1,0,24,0,0,4,0,9,0,3,0,0,0,0,2,0,0,0,3,4,0,0,0,0,0,0,0,0,0,0,0,0,0,0,0,0,0,14,0,0,0,0,0,10,4,0,0,0,16,0,1,0,0,0,5,1,8,0,1,1,1,0,0,0,0,0,0,0,0,0,0,0,0,0,0,3,1,0,2,0,0,0,0,0,0,0,0,4,0,1,0,0,1,0,0,1,0,1,38,5,0,28,2,0,0,0,0,1,2,0,18,1,0,0,0,0,0,0,1,0,0,0,0,16,0,0,0,0,0,0,0,0,0,0,0,0,0,0,0,0,0,0,0,0,0,0,56,0,8,59,8,0,0,0,0,0,0,0,0
"22601","co 2-59m A","2009-04-01",56,220,11,17,0,0,7,7,0,0,0,0,0,2,0,0,0,1,1,0,0,0,0,0,0,24,11,0,1,5,0,1,4,2,0,0,15,0,0,0,1,11,0,0,3,1,10,0,4,1,0,0,0,5,0,0,0,1,3,0,0,0,0,0,0,0,0,0,0,0,0,0,0,0,0,0,14,0,1,1,1,1,4,5,1,0,0,10,0,2,1,0,0,2,1,3,0,1,1,1,0,0,0,0,0,0,0,1,0,0,0,0,1,0,4,2,0,0,0,1,1,0,0,0,0,0,7,0,0,0,6,0,0,0,1,0,0,29,7,0,13,2,0,6,0,0,0,1,0,22,3,0,0,0,0,0,0,4,0,0,0,0,15,0,0,0,0,0,0,0,0,0,0,0,0,0,0,0,0,0,0,0,0,0,0,43,0,1,49,10,0,0,0,0,0,0,0,0
"22602","co 2-59m A","2009-05-01",43,289,17,19,0,0,8,7,0,0,0,0,1,2,0,1,0,0,2,0,3,0,0,0,0,17,13,0,0,1,0,0,0,2,1,0,24,0,2,0,0,18,0,1,3,0,11,0,2,2,0,0,1,2,0,0,0,1,5,0,0,0,0,0,0,0,0,0,0,0,0,0,0,0,0,0,15,0,0,0,1,3,8,3,0,0,0,14,0,3,0,0,0,3,2,5,0,1,1,1,0,0,0,0,0,0,0,0,0,0,0,0,0,0,4,0,0,3,0,0,1,0,0,0,0,0,18,4,0,0,4,7,1,0,2,0,0,54,2,0,35,5,1,5,0,0,1,4,1,32,0,0,0,0,0,0,0,4,0,0,0,0,28,0,0,0,0,0,0,0,0,0,0,0,0,0,0,0,0,0,0,0,0,0,0,52,0,7,54,4,0,0,0,0,0,0,0,0
"22603","co 2-59m A","2009-06-01",37,274,16,28,2,0,9,8,1,0,0,0,1,1,0,0,1,1,0,0,0,0,0,0,0,15,10,0,0,1,0,0,1,1,1,1,28,0,0,0,0,21,0,0,7,0,3,0,1,0,0,0,0,1,0,0,0,1,1,0,0,0,0,0,0,0,0,0,0,0,0,0,0,0,0,0,11,0,0,0,0,1,7,2,0,1,0,12,0,1,0,0,0,6,3,2,0,0,2,0,0,0,0,2,0,0,0,0,0,0,0,0,0,0,3,1,0,1,0,0,0,0,0,0,1,0,14,1,0,0,6,5,0,0,1,0,1,64,10,0,35,3,0,8,0,1,2,3,2,29,0,0,0,0,0,0,0,5,0,0,0,0,24,0,0,0,0,0,0,0,0,0,0,0,0,0,0,0,0,0,0,0,0,0,0,41,0,2,40,7,0,0,0,0,0,0,0,0
"22604","co 2-59m A","2009-07-01",48,282,14,21,1,0,8,7,0,0,0,0,0,2,1,0,2,0,0,0,0,0,0,0,0,15,8,0,0,3,0,2,0,1,0,1,23,0,0,0,0,18,0,0,5,0,13,2,4,2,0,0,1,4,0,0,0,2,2,0,0,0,0,0,0,0,0,0,0,0,0,0,0,0,0,0,10,0,0,0,2,2,6,0,0,0,0,7,0,2,0,0,1,3,1,0,0,0,1,0,0,0,0,0,0,0,1,0,0,0,0,0,0,0,6,1,1,3,0,0,1,0,0,0,0,0,14,1,0,0,7,3,0,0,3,0,0,77,9,1,49,5,0,9,0,1,1,1,1,30,1,0,0,0,0,0,0,2,0,0,0,0,27,0,0,0,0,0,0,0,0,0,0,0,0,0,0,0,0,0,0,0,0,0,0,40,0,4,45,7,0,0,0,0,0,0,0,0
"22605","co 2-59m A","2009-08-01",51,278,18,24,1,0,9,9,0,0,0,0,0,2,2,0,2,1,1,0,0,0,0,0,0,18,13,0,2,1,0,1,0,1,0,0,18,0,0,0,0,14,0,0,4,0,9,1,5,0,0,0,0,1,0,0,0,0,7,0,0,0,0,0,0,0,0,0,0,0,0,0,0,0,0,0,12,0,0,0,0,1,6,5,0,0,0,13,0,1,1,0,0,5,2,3,0,1,0,0,0,0,0,0,0,0,0,1,0,0,0,1,0,0,3,0,0,3,0,0,0,0,0,0,0,0,20,3,0,0,4,6,2,0,4,0,1,53,7,0,35,5,0,2,0,0,2,2,0,24,3,0,0,0,0,0,0,1,0,0,0,0,20,0,0,0,0,0,0,0,0,0,0,0,0,0,0,0,0,0,0,0,0,0,0,53,0,3,57,9,0,0,0,0,0,0,0,0
"22606","co 2-59m A","2009-09-01",57,261,16,12,0,0,8,9,0,0,0,0,2,0,1,0,0,1,0,0,4,0,0,0,0,18,15,0,0,0,1,1,1,0,0,0,10,0,0,0,1,9,0,0,0,0,15,0,4,1,0,0,1,5,0,0,0,0,8,0,0,0,0,0,0,0,0,0,0,0,0,0,0,0,0,0,18,0,0,0,0,2,9,7,0,0,0,9,0,2,0,0,0,2,1,2,0,2,0,0,0,0,0,0,0,0,0,1,1,0,0,0,0,0,6,1,0,4,0,0,1,0,0,0,0,0,21,1,0,0,14,4,1,0,1,0,0,58,11,0,38,2,0,5,0,0,1,1,0,23,0,0,0,0,0,0,0,1,0,0,0,0,22,0,0,0,0,0,0,0,0,0,0,0,0,0,0,0,0,0,0,0,0,0,0,42,0,5,48,7,0,0,0,0,0,0,0,0
"22607","co 2-59m A","2009-10-01",53,261,15,18,2,0,7,6,0,0,0,0,0,1,2,0,1,0,1,0,1,0,0,0,0,22,12,0,1,1,0,1,0,4,2,1,11,1,0,0,0,9,0,0,1,1,13,0,5,1,0,0,0,4,0,0,1,1,6,0,0,0,0,0,0,0,0,0,0,0,0,0,0,0,0,0,11,0,0,0,3,0,5,3,0,0,0,9,0,3,0,1,0,3,0,0,0,2,0,0,0,0,0,0,0,0,0,1,1,0,0,0,0,0,3,0,0,1,0,0,2,0,0,0,0,0,14,0,0,0,4,5,2,0,3,0,0,54,11,0,36,2,0,2,0,1,1,1,0,29,2,0,0,0,0,0,0,1,0,0,0,0,26,0,0,0,0,0,0,0,0,0,0,0,0,0,0,0,0,0,0,0,0,0,0,45,0,5,50,10,0,0,0,0,0,0,0,0
"22608","co 2-59m A","2009-11-01",42,266,13,12,0,0,7,6,0,0,0,0,0,3,0,0,0,1,0,0,2,0,0,0,0,19,11,0,0,1,0,1,0,5,1,0,23,0,0,0,0,18,1,0,4,0,13,0,3,0,0,0,0,5,0,0,0,3,5,0,0,0,0,0,0,0,0,0,0,0,0,0,0,0,0,0,14,0,1,0,2,1,8,2,0,0,0,15,0,2,0,0,0,4,3,4,0,2,0,0,0,0,0,0,0,0,0,0,0,0,0,0,0,0,3,0,0,3,0,0,0,0,0,0,0,0,21,1,0,0,12,5,0,0,3,0,0,61,12,0,38,5,0,2,0,1,0,3,0,22,0,0,0,0,0,0,0,1,0,0,0,0,21,0,0,0,0,0,0,0,0,0,0,0,0,0,0,0,0,0,0,0,0,0,0,39,0,3,44,8,0,0,0,0,0,0,0,0
"22609","co 2-59m A","2009-12-01",30,222,18,11,3,0,8,8,1,0,0,0,0,2,1,0,0,2,0,0,1,0,0,0,0,14,10,0,0,1,0,0,0,3,0,0,20,0,1,0,0,16,0,0,3,0,13,0,5,0,0,0,0,0,0,0,0,2,11,0,0,0,0,0,0,0,0,0,0,0,0,0,0,0,0,0,13,0,0,0,0,0,9,3,1,0,0,12,0,1,0,0,0,6,0,1,4,0,2,2,0,0,0,0,0,0,0,1,0,0,0,1,0,0,5,0,1,3,0,1,0,0,0,0,0,0,15,1,1,1,7,3,1,0,1,0,0,32,10,0,17,0,0,4,0,0,0,0,1,23,2,0,0,0,0,0,0,2,0,0,0,0,19,0,0,0,0,0,0,0,0,0,0,0,0,0,0,0,0,0,0,0,0,0,0,31,0,4,37,8,0,0,0,0,0,0,0,0
"22610","co 2-59m A","2010-01-01",44,294,19,28,2,0,5,5,0,0,0,0,0,7,1,0,1,0,0,1,2,0,0,0,0,14,5,0,0,3,0,0,3,2,1,0,31,0,0,0,1,26,0,0,4,0,18,1,5,0,0,0,1,2,0,0,0,5,9,0,0,0,0,0,0,0,0,0,0,0,0,0,0,0,0,0,19,0,0,0,0,1,16,2,0,0,0,15,0,4,1,0,1,2,2,3,0,2,1,0,0,0,0,1,0,0,0,0,0,0,0,0,0,0,7,2,0,3,0,0,2,0,0,0,0,0,18,2,0,0,10,3,1,0,1,1,0,50,5,0,34,4,0,3,0,0,2,0,2,18,1,0,0,0,0,0,0,2,0,0,0,0,15,0,0,0,0,0,0,0,0,0,0,0,0,0,0,0,0,0,0,0,0,0,0,49,0,1,55,7,0,0,0,0,0,0,0,0
"22611","co 2-59m A","2010-02-01",36,255,27,21,0,0,11,11,0,0,0,0,2,9,0,0,0,2,0,1,1,0,0,0,1,12,12,0,0,0,0,0,0,0,0,0,27,0,0,1,0,22,0,0,4,0,11,0,4,0,0,0,0,3,0,0,0,2,6,0,0,0,0,0,0,0,0,0,0,0,0,0,0,0,0,0,9,0,0,0,0,0,7,2,0,0,0,11,0,1,0,0,1,4,3,1,0,1,0,0,0,0,0,0,0,0,0,0,0,0,0,0,0,0,3,0,0,2,0,0,1,0,0,0,0,0,16,2,0,0,6,5,0,0,3,0,0,44,7,0,33,1,0,2,0,0,1,0,0,23,1,0,0,0,0,0,0,1,0,0,0,0,21,0,0,0,0,0,0,0,0,0,0,0,0,0,0,0,0,0,0,0,0,0,0,38,0,5,46,8,0,0,0,0,0,0,0,0
"22612","co 2-59m A","2010-03-01",43,256,20,15,0,0,6,6,0,0,0,0,2,7,1,0,1,1,0,0,2,0,0,0,0,24,14,0,1,4,0,0,0,5,0,0,24,0,0,1,0,20,0,0,3,0,10,1,3,0,0,0,0,5,0,0,0,1,3,0,0,0,0,0,0,0,0,0,0,0,0,0,0,0,0,0,13,0,0,0,0,1,7,4,0,0,1,12,0,2,0,0,0,3,1,5,0,1,0,0,0,0,0,0,0,0,0,0,0,0,0,0,0,0,3,0,0,2,0,0,1,0,0,0,0,0,14,2,0,0,11,1,0,0,0,0,0,41,5,0,31,1,0,3,0,0,0,1,0,22,1,0,0,0,0,0,0,0,0,0,0,0,21,0,0,0,0,0,0,0,0,0,0,0,0,0,0,0,0,0,0,0,0,0,0,45,0,2,53,11,0,0,0,0,0,0,0,0
"22613","co 2-59m A","2010-04-01",34,248,11,16,2,0,5,5,0,0,0,0,0,1,0,0,0,0,1,2,0,0,0,0,0,29,16,0,1,6,0,2,0,2,1,1,20,0,0,1,1,15,0,0,3,0,10,1,1,0,0,0,0,5,0,0,0,0,4,0,0,0,0,0,0,0,0,0,0,0,0,0,0,0,0,0,8,0,0,0,0,1,5,2,0,0,0,12,0,2,0,0,0,8,1,1,0,0,1,0,0,0,0,1,0,0,0,0,0,0,0,0,0,0,3,0,0,2,0,0,1,0,0,0,0,0,8,0,0,0,5,1,1,0,1,0,0,52,7,0,26,4,1,7,0,1,1,3,2,24,1,0,0,0,0,0,0,3,0,0,1,0,19,0,0,0,0,0,0,0,0,0,0,0,0,0,0,0,0,0,0,0,0,0,0,41,0,4,50,9,0,0,0,0,0,0,0,0
"22614","co 2-59m A","2010-05-01",64,277,19,19,1,0,10,10,0,0,0,0,0,3,0,0,1,1,2,1,0,0,0,0,0,21,15,0,0,2,0,0,0,2,2,0,14,0,1,1,0,11,0,0,1,0,17,1,2,2,0,0,0,7,0,0,0,1,6,0,0,0,0,0,0,0,0,0,0,0,0,0,0,0,0,0,11,0,0,0,0,0,8,3,0,0,0,11,0,0,0,1,1,2,3,2,0,2,1,1,0,0,0,0,0,0,0,0,0,0,0,0,0,0,4,1,0,2,0,0,1,0,0,0,0,0,22,1,1,0,11,3,2,0,3,0,1,51,9,0,33,1,0,2,0,0,1,4,1,33,1,0,0,0,0,0,0,2,0,0,0,0,30,0,0,0,0,0,0,0,0,0,0,0,0,0,0,0,0,0,0,0,0,0,0,47,0,2,50,5,0,0,0,0,0,0,0,0
"22615","co 2-59m A","2010-06-01",59,256,22,17,0,0,11,11,0,0,0,0,0,6,0,0,2,1,1,1,0,0,0,0,0,12,4,0,1,3,0,0,0,1,1,2,22,1,0,0,0,18,0,0,3,0,12,1,7,0,0,0,0,1,0,0,0,2,8,0,0,0,0,0,0,0,0,0,0,0,0,0,0,0,0,0,16,0,0,0,0,1,11,4,0,0,0,5,0,1,0,0,0,1,0,2,0,1,1,1,0,0,0,0,0,0,0,1,0,0,0,1,0,0,4,1,0,3,0,0,0,0,0,0,0,0,14,2,1,0,7,2,0,0,1,0,1,53,5,0,32,4,0,6,0,2,2,1,1,23,0,0,0,0,0,0,0,2,0,0,0,0,21,0,0,0,0,0,0,0,0,0,0,0,0,0,0,0,0,0,0,0,0,0,0,47,0,4,45,3,0,0,0,0,0,0,0,0
"22616","co 2-59m A","2010-07-01",39,278,17,16,1,0,12,12,0,0,0,0,1,3,0,0,0,0,0,0,0,0,0,0,0,21,11,0,2,4,0,2,2,0,0,0,31,0,1,0,0,27,0,0,3,0,11,0,4,2,0,2,0,1,0,0,0,3,3,0,0,0,0,0,0,0,0,0,0,0,0,0,0,0,0,0,8,0,0,0,0,1,6,0,1,0,0,12,0,3,1,0,1,3,1,1,0,2,1,1,0,0,0,0,0,0,0,1,0,0,0,1,0,0,1,0,0,1,0,0,0,0,0,0,0,0,28,2,1,0,17,1,0,0,3,0,4,54,7,0,30,3,0,8,0,0,2,4,0,26,1,0,0,0,0,0,0,2,0,0,0,0,23,0,0,0,0,0,0,0,0,0,0,0,0,0,0,0,0,0,0,0,0,0,0,42,0,4,47,5,0,0,0,0,0,0,0,0
"22617","co 2-59m A","2010-08-01",30,219,10,14,0,0,4,4,0,0,0,0,1,1,2,0,1,1,0,0,0,0,0,0,0,15,7,0,1,4,0,1,1,0,1,0,18,0,0,0,0,16,0,0,2,0,11,0,2,0,0,0,0,5,0,0,0,3,3,0,0,0,0,0,0,0,0,0,0,0,0,0,0,0,0,0,10,0,0,0,0,0,8,2,0,0,0,7,0,1,0,0,0,2,2,0,0,2,1,1,0,0,0,0,0,0,0,1,0,1,0,0,0,0,2,0,0,2,0,0,0,0,0,0,0,0,11,0,0,0,9,0,2,0,0,0,0,57,12,0,26,2,1,9,0,2,0,4,1,18,0,0,0,0,0,0,0,2,0,0,0,0,16,0,0,0,0,0,0,0,0,0,0,0,0,0,0,0,0,0,0,0,0,0,0,34,0,3,35,7,0,0,0,0,0,0,0,0
"22618","co 2-59m A","2010-09-01",25,210,13,12,0,0,9,8,0,0,0,0,0,3,0,0,0,0,0,1,0,0,0,0,0,10,7,0,0,0,0,0,1,1,1,0,12,0,0,0,0,9,0,0,3,0,9,0,1,0,0,0,1,6,0,0,0,0,2,0,0,0,0,0,0,0,0,0,0,0,0,0,0,0,0,0,9,0,0,0,0,1,5,2,1,0,0,6,0,0,0,0,0,3,2,0,0,1,0,0,0,0,0,0,0,0,0,1,1,0,0,0,0,0,1,0,0,1,0,0,0,0,0,0,0,0,12,2,0,0,6,2,0,0,1,0,1,58,7,0,35,5,0,8,0,1,1,1,0,29,0,0,0,0,0,0,0,1,0,0,0,0,28,0,0,0,0,0,0,0,0,0,0,0,0,0,0,0,0,0,0,0,0,0,0,31,0,3,30,4,0,0,0,0,0,0,0,0
"22619","co 2-59m A","2010-10-01",37,226,7,8,0,1,4,4,0,0,0,0,0,0,0,0,0,0,0,0,2,0,0,0,0,20,14,0,0,4,0,0,0,1,0,1,11,0,0,1,0,10,0,0,0,0,13,1,4,0,0,0,0,6,0,0,0,1,5,0,0,0,0,0,0,0,0,0,0,0,0,0,0,0,0,0,14,0,0,0,0,3,7,3,1,0,0,10,0,4,0,0,0,2,2,0,0,2,0,0,0,0,0,0,0,0,0,0,0,0,0,0,0,0,6,1,0,2,0,0,3,0,0,0,0,0,9,0,0,0,4,0,0,0,4,0,1,54,6,0,36,1,0,7,0,0,1,1,2,26,0,0,0,0,0,0,0,1,0,0,0,1,24,0,0,0,0,0,0,0,0,0,0,0,0,0,0,0,0,0,0,0,0,0,0,39,0,4,43,5,0,0,0,0,0,0,0,0
"22620","co 2-59m A","2010-11-01",33,247,17,12,2,0,10,10,0,0,0,0,0,1,0,0,1,1,1,0,1,0,0,0,0,22,11,0,0,7,0,1,2,1,0,0,14,0,0,0,0,10,0,0,4,0,14,1,3,0,0,0,0,5,0,1,0,2,5,0,0,0,0,0,0,0,0,0,0,0,0,0,0,0,0,0,12,0,0,0,0,0,10,2,0,0,0,8,0,0,0,1,0,2,0,3,0,2,1,1,0,0,0,0,0,0,0,1,0,1,0,0,0,0,3,1,0,1,0,0,1,0,0,0,0,0,11,0,0,0,7,3,0,0,1,0,0,46,7,0,29,1,0,6,0,2,1,0,0,21,0,0,0,0,0,0,0,3,0,0,0,0,18,0,0,0,0,0,0,0,0,0,0,0,0,0,0,0,0,0,0,0,0,0,0,49,0,6,57,10,0,0,0,0,0,0,0,0
"22621","co 2-59m A","2010-12-01",31,248,20,9,1,1,7,7,0,0,0,0,1,1,1,0,1,1,0,1,4,1,0,0,0,20,12,0,1,3,0,1,0,2,1,0,21,0,0,0,0,16,0,0,5,0,11,1,4,0,0,0,0,3,0,0,0,2,5,0,0,0,0,0,0,0,0,0,0,0,0,0,0,0,0,0,7,0,0,0,0,1,5,1,0,0,0,12,0,2,0,0,0,2,2,4,1,1,1,1,0,0,0,0,0,0,0,1,1,0,0,0,0,0,1,0,0,1,0,0,0,0,0,0,0,0,14,0,0,0,9,4,0,0,1,0,0,44,7,0,23,2,0,7,0,0,2,1,2,26,1,0,0,0,0,0,0,2,0,0,0,0,23,0,0,0,0,0,0,0,0,0,0,0,0,0,0,0,0,0,0,0,0,0,0,50,0,4,49,7,0,0,0,0,0,0,0,0
"22622","co 2-59m A","2011-01-01",43,242,19,10,1,0,9,9,0,0,0,0,1,3,3,0,0,1,0,0,1,0,0,0,0,21,14,0,0,4,0,1,0,1,1,0,15,0,0,0,0,12,0,0,3,0,8,0,2,1,0,0,0,2,0,0,0,1,4,0,0,0,0,0,0,0,0,0,0,0,0,0,0,0,0,0,7,0,0,0,0,0,4,3,0,0,0,15,0,2,0,0,1,5,2,2,1,2,0,0,0,0,0,0,0,0,0,2,1,1,0,0,0,0,7,3,0,3,0,1,0,0,0,0,0,0,17,0,2,0,5,2,0,0,6,0,2,46,10,0,24,2,0,4,0,0,4,0,2,23,0,0,0,0,0,0,0,1,0,0,0,0,22,0,0,0,0,0,0,0,0,0,0,0,0,0,0,0,0,0,0,0,0,0,0,43,1,2,46,6,0,0,0,0,0,0,0,0
"22623","co 2-59m A","2011-02-01",27,194,10,12,0,0,7,6,0,0,0,0,0,0,1,0,0,0,1,0,1,0,0,0,0,11,4,0,1,3,1,1,0,1,0,0,17,0,0,0,0,16,0,0,1,0,6,0,2,0,0,0,0,2,0,0,1,2,1,0,0,0,0,0,0,0,0,0,0,0,0,0,0,0,0,0,7,0,0,0,0,0,5,2,0,0,0,10,0,1,1,0,1,3,2,1,0,1,1,1,0,0,0,0,0,0,0,1,1,0,0,0,0,0,2,1,0,1,0,0,0,0,0,0,0,0,12,0,0,0,7,3,0,0,1,0,1,38,7,0,21,2,0,4,0,0,2,2,0,21,0,0,0,0,0,0,0,3,0,0,0,0,18,0,0,0,0,0,0,0,0,0,0,0,0,0,0,0,0,0,0,0,0,0,0,37,0,4,37,5,0,0,0,0,0,0,0,0
"22624","co 2-59m A","2011-03-01",37,184,11,7,0,0,8,6,0,0,0,0,0,1,0,0,0,1,0,1,0,0,0,0,0,17,9,0,0,3,0,1,1,1,1,1,18,2,0,0,0,13,0,0,3,0,13,1,2,0,0,0,0,6,0,0,0,3,3,0,0,0,0,0,0,0,0,0,0,0,0,0,0,0,0,0,3,0,0,0,0,0,2,1,0,0,0,10,0,0,0,1,2,6,0,1,0,0,1,1,0,0,0,0,0,0,0,1,1,0,0,0,0,0,2,1,0,0,0,0,1,0,0,0,0,0,7,0,0,0,5,0,0,0,0,0,2,37,5,0,25,1,0,2,0,0,1,2,1,19,1,0,0,0,0,0,0,3,0,0,0,0,15,0,0,0,0,0,0,0,0,0,0,0,0,0,0,0,0,0,0,0,0,0,0,29,0,3,35,6,0,0,0,0,0,0,0,0
"22625","co 2-59m A","2011-04-01",40,176,15,10,1,0,8,7,0,0,0,0,0,1,0,0,1,0,1,1,2,0,0,0,0,16,8,0,1,3,0,0,1,0,3,0,11,0,1,0,0,6,0,0,4,0,14,0,1,0,0,1,0,2,0,0,0,3,8,0,0,0,0,0,0,0,0,0,0,0,0,0,0,0,0,0,9,0,0,0,0,0,6,3,0,0,0,9,0,1,0,0,0,4,1,1,1,1,0,0,0,0,0,0,0,0,0,0,0,0,0,0,0,0,3,0,1,2,0,0,0,0,0,0,0,0,4,0,0,0,1,2,0,0,0,0,1,34,5,0,16,0,0,4,0,1,2,3,3,13,0,0,0,0,0,0,0,1,0,0,0,0,12,0,0,0,0,0,0,0,0,0,0,0,0,0,0,0,0,0,0,0,0,0,0,31,0,4,31,3,0,0,0,0,0,0,0,0
"22626","co 2-59m A","2011-05-01",48,268,13,12,1,0,9,8,0,0,0,0,0,0,1,0,1,0,1,0,0,0,0,0,0,26,15,0,0,8,0,0,1,1,1,0,15,0,0,0,0,11,0,0,4,0,11,1,3,1,0,0,0,4,0,0,0,1,4,0,0,0,0,0,0,0,0,0,0,0,0,0,0,0,0,0,7,0,0,0,0,0,4,3,0,0,0,10,0,0,0,0,0,2,5,3,0,0,0,0,0,0,0,0,0,0,0,1,1,0,0,0,0,0,5,0,0,3,0,1,1,0,0,0,0,0,21,2,0,0,11,4,2,0,0,0,2,60,10,0,36,1,0,5,0,2,3,2,1,33,1,0,0,0,0,0,0,1,0,0,0,0,31,0,0,0,0,0,0,0,0,0,0,0,0,0,0,0,0,0,0,0,0,0,0,47,0,3,49,4,0,0,0,0,0,0,0,0
"22627","co 2-59m A","2011-06-01",52,237,18,16,0,0,11,11,0,0,0,0,2,1,1,0,0,1,1,0,1,0,0,0,0,16,10,0,0,1,0,1,1,0,2,1,21,0,0,2,3,14,0,0,2,0,9,1,4,0,0,0,0,1,0,1,0,2,4,0,0,0,0,0,0,0,0,0,0,0,0,0,0,0,0,0,10,0,0,0,0,1,8,1,0,0,0,10,0,1,0,0,0,2,2,4,0,1,3,2,0,0,0,1,0,0,0,0,0,0,0,0,0,0,3,0,0,2,0,0,1,0,0,0,0,0,20,0,0,0,9,7,1,0,1,0,2,52,1,0,35,2,0,6,0,0,4,3,1,15,0,0,0,0,0,0,0,0,0,0,0,0,15,0,0,0,0,0,0,0,0,0,0,0,0,0,0,0,0,0,0,0,0,0,0,36,0,2,38,6,0,0,0,0,0,0,0,0
"22628","co 2-59m A","2011-07-01",45,210,12,11,0,0,5,5,0,0,0,0,0,3,2,0,1,0,0,1,0,0,0,0,0,17,10,0,0,1,0,3,1,2,0,0,13,0,0,0,0,13,0,0,0,0,8,0,1,1,0,0,0,1,0,0,0,3,3,0,0,0,0,0,0,0,0,0,0,0,0,0,0,0,0,0,5,0,0,0,0,0,4,0,0,1,0,9,0,1,1,0,0,2,0,4,1,0,0,0,0,0,0,0,0,0,0,1,1,0,0,0,0,0,3,1,0,2,0,0,0,0,0,0,0,0,17,1,0,0,10,3,0,0,1,0,2,30,3,0,18,3,0,0,0,0,2,2,2,31,2,0,0,0,0,0,0,7,0,0,0,0,22,0,0,0,0,0,0,0,0,0,0,0,0,0,0,0,0,0,0,0,0,0,0,41,0,5,45,7,0,0,0,0,0,0,0,0
"22629","co 2-59m A","2011-08-01",46,252,12,14,0,0,9,7,0,0,0,0,1,0,1,0,0,1,0,0,0,0,0,0,0,19,13,0,0,1,0,0,1,1,2,1,25,0,0,0,0,23,0,0,2,0,10,1,2,1,0,0,0,1,0,0,0,3,4,0,0,0,0,0,0,0,0,0,0,0,0,0,0,0,0,0,12,0,0,0,0,1,9,2,0,0,0,13,0,2,2,0,1,5,1,2,0,0,0,0,0,0,0,0,0,0,0,2,2,0,0,0,0,0,2,0,0,2,0,0,0,0,0,0,0,0,13,2,1,0,8,1,0,0,1,0,0,47,8,0,22,3,0,4,0,1,4,3,2,29,0,0,0,0,0,0,0,1,0,0,0,0,28,0,0,0,0,0,0,0,0,0,0,0,0,0,0,0,0,0,0,0,0,0,0,41,0,3,49,10,0,0,0,0,0,0,0,0
"22630","co 2-59m A","2011-09-01",22,217,9,16,1,0,4,4,0,0,0,0,1,0,1,0,0,1,0,0,1,0,0,0,0,13,6,0,1,3,1,0,0,0,0,2,14,0,2,0,0,10,0,0,2,0,10,1,2,0,0,0,1,2,0,0,1,2,3,0,0,0,0,0,0,0,0,0,0,0,0,0,0,0,0,0,8,0,0,0,0,1,5,2,0,0,0,10,0,1,1,0,0,4,1,2,0,1,1,1,0,0,0,0,0,0,0,1,1,0,0,0,0,0,2,0,0,2,0,0,0,0,0,0,0,0,14,0,0,0,4,6,0,0,0,0,4,50,6,0,28,3,0,5,0,1,1,3,3,20,0,0,0,0,0,0,0,1,0,0,0,0,19,0,0,0,0,0,0,0,0,0,0,0,0,0,0,0,0,0,0,0,0,0,0,40,0,3,43,6,0,0,0,0,0,0,0,0
"22631","co 2-59m A","2011-10-01",29,240,12,5,1,0,5,5,1,0,0,0,0,2,0,0,1,0,1,0,1,0,0,0,0,20,14,0,1,5,0,0,0,0,0,0,23,0,0,0,0,19,0,0,4,0,14,1,3,0,0,0,0,5,0,0,0,1,7,0,0,0,0,0,0,0,0,0,0,0,0,0,0,0,0,0,12,0,0,0,0,1,9,2,0,0,0,13,0,2,0,0,0,4,3,1,1,2,0,0,0,0,0,0,0,0,0,0,0,0,0,0,0,0,3,0,0,2,0,0,1,0,0,0,0,0,19,1,0,0,5,9,0,0,4,0,0,50,7,0,30,2,1,2,0,1,2,4,1,21,2,0,0,0,0,0,0,0,0,0,0,0,19,0,0,0,0,0,0,0,0,0,0,0,0,0,0,0,0,0,0,0,0,0,0,41,0,4,41,3,0,0,0,0,0,0,0,0
"22632","co 2-59m A","2011-11-01",26,237,17,12,1,0,11,9,1,0,0,0,0,1,0,1,0,1,0,0,1,0,0,0,0,14,10,0,0,3,0,0,1,0,0,0,9,0,0,0,1,8,0,0,0,0,9,0,0,1,0,0,0,1,0,2,0,2,3,0,0,0,0,0,0,0,0,0,0,0,0,0,0,0,0,0,10,0,0,0,0,0,10,0,0,0,0,12,0,1,0,0,1,3,4,3,0,0,1,1,0,0,0,0,0,0,0,0,0,0,0,0,0,0,2,0,0,1,0,1,0,0,0,0,0,0,19,0,0,0,11,3,2,0,3,0,0,63,10,0,37,1,0,8,0,1,0,3,3,25,1,0,0,0,0,0,0,0,0,0,0,0,24,0,0,0,0,0,0,0,0,0,0,0,0,0,0,0,0,0,0,0,0,0,0,33,0,1,36,10,0,0,0,0,0,0,0,0
"22633","co 2-59m A","2011-12-01",34,205,19,15,1,0,13,10,0,0,0,0,0,1,0,0,2,0,1,0,1,0,0,0,0,10,6,0,0,3,0,0,0,0,0,1,14,0,0,0,0,11,0,0,3,0,8,0,5,1,0,0,0,4,0,0,0,0,3,0,0,0,0,0,0,0,0,0,0,0,0,0,0,0,0,0,7,0,1,0,0,0,3,3,0,0,0,9,0,0,0,0,1,3,0,4,1,0,0,0,0,0,0,0,0,0,0,0,0,0,0,0,0,0,1,0,0,1,0,0,0,0,0,0,0,0,17,0,0,0,7,3,1,0,5,0,1,45,6,0,27,5,0,5,0,0,0,2,0,10,1,0,0,0,0,0,0,1,0,0,0,0,8,0,0,0,0,0,0,0,0,0,0,0,0,0,0,0,0,0,0,0,0,0,0,39,0,1,44,10,0,0,0,0,0,0,0,0
"22634","co 2-59m A","2012-01-01",27,212,12,13,2,0,6,5,0,0,0,0,0,0,0,1,1,0,0,1,1,0,0,0,0,17,7,0,0,5,0,0,0,3,2,0,18,0,0,0,0,16,0,0,2,0,6,0,4,0,0,0,0,2,0,0,0,3,1,0,0,0,0,0,0,0,0,0,0,0,0,0,0,0,0,0,10,0,0,0,0,1,8,1,0,0,0,6,0,1,0,0,1,2,0,1,0,1,0,0,0,0,0,0,0,0,0,0,0,0,0,0,0,0,6,3,0,2,0,1,0,0,0,0,0,0,22,0,1,0,9,5,1,0,4,0,2,43,9,0,20,1,0,6,0,0,2,3,2,17,1,0,0,0,0,0,0,1,0,0,0,0,15,0,0,0,0,0,0,0,0,0,0,0,0,0,0,0,0,0,0,0,0,0,0,32,0,5,41,6,0,0,0,0,0,0,0,0
"22635","co 2-59m A","2012-02-01",31,223,23,9,1,0,12,10,0,0,0,0,1,4,0,0,1,1,0,0,2,0,0,0,1,22,13,0,0,6,0,2,0,1,0,0,23,0,0,0,0,21,0,0,2,0,7,0,2,1,0,0,0,0,0,0,0,2,4,0,0,0,0,0,0,0,0,0,0,0,0,0,0,0,0,0,7,0,0,0,0,0,5,2,0,0,0,9,0,2,0,0,0,2,2,1,1,1,1,1,0,0,0,0,0,0,0,0,0,0,0,0,0,0,2,1,0,0,0,1,0,0,0,0,0,0,14,2,0,0,5,4,1,0,0,0,2,59,4,0,36,2,0,6,0,1,0,7,3,11,0,0,0,0,0,0,0,2,0,0,0,0,9,0,0,0,0,0,0,0,0,0,0,0,0,0,0,0,0,0,0,0,0,0,0,30,0,3,31,3,0,0,0,0,0,0,0,0
"22636","co 2-59m A","2012-03-01",40,225,14,8,0,1,6,7,0,0,0,0,0,5,1,0,0,0,1,0,0,0,0,0,0,9,4,0,0,2,1,0,0,1,0,1,20,0,0,0,0,17,0,0,3,1,14,0,2,1,0,1,0,4,0,0,0,3,5,0,0,0,0,0,0,0,0,0,0,0,0,0,0,0,0,0,11,0,0,0,0,1,9,1,0,0,0,6,0,0,0,0,0,4,1,1,0,0,0,0,0,0,0,0,0,0,0,1,0,1,0,0,0,0,5,1,0,3,0,0,1,0,0,0,0,0,21,0,0,0,8,8,2,0,0,0,3,63,14,0,40,3,0,2,0,1,0,3,0,14,2,0,0,0,0,0,0,2,0,0,0,0,10,0,0,0,0,0,0,0,0,0,0,0,0,0,0,0,0,0,0,0,0,0,0,32,0,3,34,3,0,0,0,0,0,0,0,0
"22637","co 2-59m A","2012-04-01",52,267,21,8,1,0,11,8,0,0,0,0,2,1,0,0,2,1,0,1,1,0,1,0,0,21,13,0,1,3,0,1,1,1,0,1,25,0,1,1,1,18,0,0,4,0,13,1,0,0,0,0,0,4,0,0,1,3,4,0,0,0,0,0,0,0,0,0,0,0,0,0,0,0,0,0,10,0,0,0,0,1,8,0,0,1,0,9,0,0,1,0,0,4,2,1,1,0,1,0,0,0,0,0,0,0,1,0,0,0,0,0,0,0,3,0,0,3,0,0,0,0,0,0,0,0,22,0,0,0,15,1,0,0,2,0,4,54,7,0,35,1,0,4,0,3,3,1,0,26,0,0,0,0,0,0,0,1,0,0,0,0,25,0,0,0,0,0,0,0,0,0,0,0,0,0,0,0,0,0,0,0,0,0,0,45,0,1,50,8,0,0,0,0,0,0,0,0
"22638","co 2-59m A","2012-05-01",52,236,19,9,1,1,15,15,0,0,0,0,0,0,1,0,0,1,0,0,0,0,0,0,0,22,12,0,1,5,1,1,1,0,1,0,15,0,0,0,1,13,0,0,1,0,7,0,0,0,0,0,0,3,0,0,0,0,4,0,0,0,0,0,0,0,0,0,0,0,0,0,0,0,0,0,12,0,0,0,0,1,10,1,0,0,0,15,0,2,0,0,1,6,2,3,0,1,1,0,0,0,0,0,0,0,1,0,0,0,0,0,0,0,4,0,0,2,0,0,2,0,0,0,0,0,27,0,1,0,16,8,0,0,2,0,0,47,5,0,28,0,0,7,0,2,1,4,0,18,1,0,0,0,0,0,0,1,0,0,0,0,16,0,0,0,0,0,0,0,0,0,0,0,0,0,0,0,0,0,0,0,0,0,0,34,0,4,37,4,0,0,0,0,0,0,0,0
"22639","co 2-59m A","2012-06-01",42,230,17,11,1,1,9,6,0,0,0,0,0,3,1,0,0,0,0,1,1,0,0,0,0,20,11,0,0,5,0,0,2,1,1,0,16,0,0,1,0,14,0,0,1,0,8,0,2,1,0,0,0,0,0,0,0,4,3,0,0,0,0,0,0,0,0,0,0,0,0,0,0,0,0,0,15,0,0,0,0,1,9,3,0,2,0,7,0,0,0,0,1,6,0,0,0,0,0,0,0,0,0,0,0,0,0,3,2,1,0,0,0,0,4,0,0,3,0,0,1,0,0,0,0,0,21,2,0,0,11,5,1,0,1,0,1,46,4,0,33,1,0,1,0,0,5,2,0,22,0,0,0,0,0,0,0,1,0,0,0,0,21,0,0,0,0,0,0,0,0,0,0,0,0,0,0,0,0,0,0,0,0,0,0,30,0,6,35,4,0,0,0,0,0,0,0,0
"22640","co 2-59m A","2012-07-01",43,246,15,8,0,0,11,9,0,0,0,0,1,0,0,0,0,1,0,1,1,0,0,0,0,20,9,0,1,7,0,1,0,0,1,1,20,0,0,0,1,17,0,0,2,0,9,1,3,0,0,0,0,2,0,0,0,3,3,0,0,0,0,0,0,0,0,0,0,0,0,0,0,0,0,0,5,0,0,0,0,0,4,1,0,0,0,9,0,1,1,0,0,3,2,1,1,0,1,1,0,0,0,0,0,0,0,0,0,0,0,0,0,0,7,1,0,3,0,0,3,0,0,0,0,0,27,0,0,0,16,7,1,0,1,0,2,43,9,0,25,0,0,4,0,0,1,4,0,21,1,0,0,0,0,0,0,4,0,0,0,0,16,0,0,0,0,0,0,0,0,0,0,0,0,0,0,0,0,0,0,0,0,0,0,48,0,4,52,9,0,0,0,0,0,0,0,0
"22641","co 2-59m A","2012-08-01",28,210,11,10,1,0,7,6,0,0,0,0,0,0,0,0,2,0,0,0,1,0,0,0,0,16,13,0,0,0,0,1,1,0,0,1,16,0,0,0,0,15,0,0,1,0,13,0,5,0,0,0,0,5,0,0,0,3,5,0,0,0,0,0,0,0,0,0,0,0,0,0,0,0,0,0,13,0,0,0,0,1,9,3,0,0,0,8,0,0,0,0,0,2,3,2,1,0,0,0,0,0,0,0,0,0,0,0,0,0,0,0,0,0,7,0,0,3,0,0,4,0,0,0,0,0,18,0,0,0,10,4,3,0,0,0,1,34,6,0,19,2,0,5,0,0,0,2,0,13,0,0,0,0,0,0,0,0,0,0,0,0,13,0,0,0,0,0,0,0,0,0,0,0,0,0,0,0,0,0,0,0,0,0,0,34,0,8,43,9,0,0,0,0,0,0,0,0
"22642","co 2-59m A","2012-09-01",28,216,21,10,1,0,15,14,0,0,0,0,2,2,0,0,1,0,0,0,0,0,0,0,0,17,15,0,0,1,0,1,0,0,0,0,15,0,0,1,0,11,0,0,3,0,7,0,1,1,0,0,0,1,0,1,0,2,2,0,0,0,0,0,0,0,0,0,0,0,0,0,0,0,0,0,12,0,0,0,0,0,8,3,0,0,1,8,0,1,1,1,0,1,1,2,0,1,1,1,0,0,0,0,0,0,0,0,0,0,0,0,0,0,4,0,0,1,0,0,3,0,0,0,0,0,15,0,0,0,5,5,1,0,3,0,1,40,4,0,27,2,0,4,0,1,1,1,0,15,0,0,0,0,0,0,0,1,0,0,0,0,14,0,0,0,0,0,0,0,0,0,0,0,0,0,0,0,0,0,0,0,0,0,0,36,0,7,46,8,0,0,0,0,0,0,0,0
"22643","co 2-59m A","2012-10-01",31,246,18,10,0,0,11,11,0,0,0,0,1,3,0,0,0,1,0,0,1,0,0,0,1,20,13,0,1,3,0,2,1,0,0,0,20,0,1,0,1,15,0,0,3,0,10,0,3,1,0,0,0,4,0,0,0,3,2,0,0,0,0,0,0,0,0,0,0,0,0,0,0,0,0,0,6,0,0,0,0,1,4,1,0,0,0,4,0,1,0,0,0,2,0,1,0,0,0,0,0,0,0,0,0,0,0,2,1,0,0,0,1,0,7,0,0,6,0,0,1,0,0,0,0,0,20,1,0,0,8,5,0,0,5,0,1,69,17,0,41,4,0,5,0,0,0,2,0,21,2,0,0,0,0,0,0,1,0,0,0,0,18,0,0,0,0,0,0,0,0,0,0,0,0,0,0,0,0,0,0,0,0,0,0,31,0,4,32,4,0,0,0,0,0,0,0,0
"22644","co 2-59m A","2012-11-01",26,206,21,14,0,1,14,14,0,0,0,0,2,3,0,0,0,0,1,0,0,0,0,0,0,19,13,0,0,6,0,0,0,0,0,0,16,0,0,0,0,10,0,0,6,0,9,0,1,0,0,0,0,4,0,1,2,1,1,0,0,0,0,0,0,0,0,0,0,0,0,0,0,0,0,0,4,0,0,1,0,0,2,1,0,0,0,10,0,2,1,0,1,5,0,0,0,1,1,1,0,0,0,0,0,0,0,0,0,0,0,0,0,0,1,0,0,1,0,0,0,0,0,0,0,0,19,0,0,0,11,4,0,0,0,0,4,39,4,0,26,0,0,3,0,0,1,4,1,20,0,0,0,0,0,0,0,2,0,0,0,0,18,0,0,0,0,0,0,0,0,0,0,0,0,0,0,0,0,0,0,0,0,0,0,25,0,1,30,7,0,0,0,0,0,0,0,0
"22645","co 2-59m A","2012-12-01",29,227,16,17,0,0,11,10,0,0,0,0,0,2,0,0,1,1,0,1,0,0,0,0,0,16,11,0,1,1,0,0,1,2,0,0,17,0,0,0,0,16,0,0,1,0,9,0,4,0,0,1,0,4,0,0,0,2,2,0,0,0,0,0,0,0,0,0,0,0,0,0,0,0,0,0,11,0,0,0,0,0,8,3,0,0,0,9,0,1,0,0,1,5,1,1,0,0,2,2,0,0,0,0,0,0,0,2,1,1,0,0,0,0,6,0,1,3,0,1,1,0,0,0,0,0,21,1,2,0,13,1,2,0,0,0,2,45,3,1,26,2,0,4,0,0,2,6,1,16,0,0,0,0,0,0,0,2,0,0,0,0,14,0,0,0,0,0,0,0,0,0,0,0,0,0,0,0,0,0,0,0,0,0,0,32,0,2,36,6,0,0,0,0,0,0,0,0
"22646","co 2-59m A","2013-01-01",42,216,13,15,4,0,5,5,0,0,0,0,1,2,0,0,0,0,0,0,1,0,0,0,0,17,13,0,0,2,0,0,0,0,2,0,17,0,0,0,1,16,0,0,0,0,6,1,0,0,0,0,1,2,0,0,1,0,1,0,0,0,0,0,0,0,0,0,0,0,0,0,0,0,0,0,15,0,0,0,0,0,12,3,0,0,0,4,0,0,2,0,0,0,1,1,0,0,4,4,0,0,0,0,0,0,0,0,0,0,0,0,0,0,0,0,0,0,0,0,0,0,0,0,0,0,19,0,1,0,8,6,1,0,0,0,3,44,4,0,20,2,0,8,0,1,2,6,1,21,0,0,0,0,0,0,0,2,0,0,0,0,19,0,0,0,0,0,0,0,0,0,0,0,0,0,0,0,0,0,0,0,0,0,0,33,0,2,35,6,0,0,0,0,0,0,0,0
"22647","co 2-59m A","2013-02-01",27,198,15,8,2,0,7,6,0,0,0,0,0,0,0,0,1,1,0,1,3,0,0,0,0,15,12,0,0,2,0,0,0,1,0,0,17,1,0,0,0,12,0,0,4,0,13,0,2,2,0,0,0,1,0,0,0,4,6,0,0,0,0,0,0,0,0,0,0,0,0,0,0,0,0,0,8,0,0,0,0,0,6,2,0,0,0,8,0,1,0,0,0,4,1,1,0,1,0,0,0,0,0,0,0,0,0,0,0,0,0,0,0,0,2,0,0,0,0,0,2,0,0,0,0,0,18,2,0,0,8,5,0,0,0,0,3,48,7,0,24,1,0,3,0,1,1,11,0,8,0,0,0,0,0,0,0,1,0,0,0,0,7,0,0,0,0,0,0,0,0,0,0,0,0,0,0,0,0,0,0,0,0,0,0,36,0,0,32,2,0,0,0,0,0,0,0,0
"22648","co 2-59m A","2013-03-01",29,225,11,11,0,1,4,4,0,0,0,0,1,2,0,0,0,2,0,0,0,1,0,0,0,16,9,0,0,1,0,1,3,2,0,0,21,0,0,0,0,17,0,0,4,0,9,0,0,0,0,1,1,3,0,1,0,1,2,0,0,0,0,0,0,0,0,0,0,0,0,0,0,0,0,0,5,0,1,0,0,0,3,1,0,0,0,18,0,3,1,1,0,2,3,6,0,2,2,2,0,0,0,0,0,0,0,1,0,1,0,0,0,0,5,0,1,3,0,1,0,0,0,0,0,0,11,0,0,0,7,0,0,0,1,0,3,41,8,0,25,1,0,3,0,0,1,3,0,28,0,0,0,0,0,0,0,1,0,0,0,0,27,0,0,0,0,0,0,0,0,0,0,0,0,0,0,0,0,0,0,0,0,0,0,34,0,3,43,9,0,0,0,0,0,0,0,0
"22649","co 2-59m A","2013-04-01",32,194,12,9,1,0,7,7,0,0,0,0,1,2,0,0,1,0,0,0,0,0,0,0,0,18,12,0,0,3,1,0,0,2,0,0,20,0,0,1,0,14,0,0,5,0,8,0,0,0,0,0,0,3,0,0,0,2,3,0,0,0,0,0,0,0,0,0,0,0,0,0,0,0,0,0,9,0,0,0,0,0,7,2,0,0,0,13,0,2,0,0,1,6,1,1,1,1,0,0,0,0,0,0,0,0,0,0,0,0,0,0,0,0,2,0,0,2,0,0,0,0,0,0,0,0,8,0,0,0,4,3,1,0,0,0,0,39,9,0,20,2,0,4,0,0,1,3,0,14,1,0,0,0,0,0,0,1,0,0,0,0,12,0,0,0,0,0,0,0,0,0,0,0,0,0,0,0,0,0,0,0,0,0,0,34,0,4,37,4,0,0,0,0,0,0,0,0
"22650","co 2-59m A","2013-05-01",65,238,26,10,1,0,18,15,0,0,0,0,0,3,0,0,0,0,1,1,2,0,0,0,0,24,17,0,0,1,2,0,2,0,2,0,15,0,1,0,1,7,0,0,6,0,15,0,3,3,0,0,0,1,0,0,1,5,5,0,0,0,0,0,0,0,0,0,0,0,0,0,0,0,0,0,10,0,0,0,0,0,7,3,0,0,0,11,0,1,0,0,1,1,4,4,0,0,1,1,0,0,0,0,0,0,0,2,1,1,0,0,0,0,1,0,0,1,0,0,0,0,0,0,0,0,18,1,0,1,11,4,1,0,0,0,0,46,9,0,20,0,0,6,0,0,1,8,2,18,1,0,0,0,0,0,0,1,0,0,0,0,16,0,0,0,0,0,0,0,0,0,0,0,0,0,0,0,0,0,0,0,0,0,0,35,0,3,36,3,0,0,0,0,0,0,0,0
"22651","co 2-59m A","2013-06-01",45,257,16,13,1,0,8,7,0,0,0,0,0,4,0,0,0,3,0,0,0,0,0,0,0,24,12,0,0,5,0,2,0,1,2,2,29,0,1,0,0,23,0,0,5,0,14,0,3,1,0,0,0,5,0,0,1,3,4,0,0,0,0,0,0,0,0,0,0,0,0,0,0,0,0,0,12,0,0,0,0,2,8,1,0,1,0,11,0,1,0,1,0,3,2,1,0,3,0,0,0,0,0,0,0,0,0,0,0,0,0,0,0,0,4,1,0,1,0,0,2,0,0,0,0,0,18,0,1,0,12,1,1,0,1,0,2,54,7,0,31,2,0,6,0,0,2,6,0,23,1,0,0,0,0,0,0,2,0,0,0,0,20,0,0,0,0,0,0,0,0,0,0,0,0,0,0,0,0,0,0,0,0,0,0,26,0,7,30,6,0,0,0,0,0,0,0,0
"22652","co 2-59m A","2013-07-01",40,233,25,2,2,0,12,11,0,0,0,0,0,4,1,0,1,0,2,2,1,0,0,0,0,27,14,0,0,7,0,1,3,0,1,1,16,0,1,0,0,13,0,0,2,0,14,0,2,1,0,1,0,2,0,0,0,3,7,0,0,0,0,0,0,0,0,0,0,0,0,0,0,0,0,0,6,0,0,0,0,0,4,2,0,0,0,7,0,1,0,0,1,3,0,2,0,0,1,1,0,0,0,0,0,0,0,3,2,1,0,0,0,0,3,0,0,2,0,0,0,1,0,0,0,0,27,0,0,0,16,7,1,0,1,0,2,40,8,0,22,2,1,5,0,0,1,0,1,17,1,0,0,0,0,0,0,1,0,0,0,0,15,0,0,0,0,0,0,0,0,0,0,0,0,0,0,0,0,0,0,0,0,0,0,36,0,1,40,8,0,0,0,0,0,0,0,0
"22653","co 2-59m A","2013-08-01",41,230,18,5,2,0,11,11,0,0,0,0,0,1,0,0,1,0,0,0,2,0,1,0,0,24,16,0,0,4,0,1,1,1,0,1,12,0,0,0,0,9,0,0,3,0,7,0,0,0,0,0,0,3,0,0,0,0,4,0,0,0,0,0,0,0,0,0,0,0,0,0,0,0,0,0,6,0,0,0,0,0,4,1,0,1,0,11,0,0,2,0,0,5,1,3,0,0,0,0,0,0,0,0,0,0,0,0,0,0,0,0,0,0,6,0,0,4,0,0,2,0,0,0,0,0,13,0,0,0,8,2,0,0,2,0,1,67,8,0,40,3,1,5,0,1,5,3,1,18,0,0,0,0,0,0,0,4,0,0,0,0,14,0,0,0,0,0,0,0,0,0,0,0,0,0,0,0,0,0,0,0,0,0,0,36,0,2,34,5,0,0,0,0,0,0,0,0
"22654","co 2-59m A","2013-09-01",28,216,17,11,1,0,10,8,0,0,0,0,0,4,1,0,0,0,0,0,1,0,0,0,0,14,11,0,0,1,0,1,0,0,0,1,7,0,0,0,1,3,0,0,3,0,6,0,0,0,0,0,0,2,0,0,0,1,3,0,0,0,0,0,0,0,0,0,0,0,0,0,0,0,0,0,13,0,0,0,0,1,8,4,0,0,0,8,0,2,0,0,0,5,0,1,0,0,0,0,0,0,0,0,0,0,0,1,1,0,0,0,0,0,3,1,0,1,0,0,1,0,0,0,0,0,21,2,0,0,13,3,1,0,2,0,0,59,4,0,43,1,0,1,0,0,1,5,4,22,0,0,0,0,0,0,0,1,0,0,0,0,21,0,0,0,0,0,0,0,0,0,0,0,0,0,0,0,0,0,0,0,0,0,0,30,0,1,32,3,0,0,0,0,0,0,0,0
"22655","co 2-59m A","2013-10-01",21,217,17,6,2,0,4,3,0,0,0,0,2,3,0,0,1,1,2,2,0,0,0,0,0,18,12,0,0,3,0,0,0,1,1,1,20,0,0,1,0,15,0,0,4,0,8,0,2,0,0,1,0,2,0,0,0,3,2,0,0,0,0,0,0,0,0,0,0,0,0,0,0,0,0,0,8,0,0,0,0,1,5,1,1,0,0,9,0,0,0,0,0,2,1,3,1,2,0,0,0,0,0,0,0,0,0,0,0,0,0,0,0,0,6,2,0,3,0,0,1,0,0,0,0,0,14,0,1,0,8,2,1,0,1,0,1,52,6,0,31,1,0,5,0,3,3,2,1,17,0,0,0,0,0,0,0,2,0,0,0,0,15,0,0,0,0,0,0,0,0,0,0,0,0,0,0,0,0,0,0,0,0,0,0,35,0,2,34,5,0,0,0,0,0,0,0,0
"22656","co 2-59m A","2013-11-01",20,215,20,10,0,0,6,6,1,0,0,0,0,6,0,0,0,0,2,0,3,2,0,0,0,14,10,0,1,3,0,0,0,0,0,0,11,0,0,0,0,9,0,0,2,0,8,0,1,0,0,2,0,2,0,0,0,1,3,0,0,0,0,0,0,0,0,0,0,0,0,0,0,0,0,0,8,0,0,0,0,1,4,3,0,0,0,7,0,2,0,2,0,0,2,1,0,0,1,1,0,0,0,0,0,0,0,1,0,1,0,0,0,0,2,0,0,2,0,0,0,0,0,0,0,0,18,1,1,0,11,0,0,0,1,0,4,40,6,0,18,0,0,6,0,0,0,5,5,32,0,0,0,0,0,0,0,5,0,0,0,0,27,0,0,0,0,0,0,0,0,0,0,0,0,0,0,0,0,0,0,0,0,0,0,33,0,4,35,6,0,0,0,0,0,0,0,0
"22657","co 2-59m A","2013-12-01",21,256,16,15,0,0,8,8,0,0,0,0,0,6,0,0,1,0,0,0,1,0,0,0,0,24,12,0,1,8,0,0,0,0,1,2,20,0,0,0,0,15,0,0,5,0,13,0,1,1,0,0,0,2,0,1,1,5,3,0,0,0,0,0,0,0,0,0,0,0,0,0,0,0,0,0,7,0,0,0,0,0,5,2,0,0,0,14,0,2,0,0,0,6,2,4,0,0,0,0,0,0,0,0,0,0,0,1,1,0,0,0,0,0,0,0,0,0,0,0,0,0,0,0,0,0,26,0,1,0,12,6,1,0,5,0,1,51,8,0,32,1,0,1,0,0,1,6,2,20,2,0,0,0,0,0,0,1,0,0,0,0,17,0,0,0,0,0,0,0,0,0,0,0,0,0,0,0,0,0,0,0,0,0,0,38,0,3,47,8,0,0,0,0,0,0,0,0
"22658","co 2-59m A","2014-01-01",31,257,23,10,0,0,13,11,0,0,0,0,1,3,1,0,0,0,1,0,4,0,0,0,0,16,13,0,0,3,0,0,0,0,0,0,20,0,0,0,0,17,0,0,3,0,9,0,0,0,0,0,0,1,0,0,0,3,5,0,0,0,0,0,0,0,0,0,0,0,0,0,0,0,0,0,9,0,0,1,1,0,6,1,0,0,0,13,1,2,0,0,0,5,3,2,0,0,1,1,0,0,0,0,0,0,0,0,0,0,0,0,0,0,0,0,0,0,0,0,0,0,0,0,0,0,28,2,1,0,13,3,1,0,3,0,5,56,3,0,26,4,0,12,0,0,2,6,3,18,0,0,0,0,0,0,0,2,0,0,0,0,16,0,0,0,0,0,0,0,0,0,0,0,0,0,0,0,0,0,0,0,0,0,0,35,0,8,44,11,0,0,0,0,0,0,0,0
"22659","co 2-59m A","2014-02-01",25,219,10,10,1,0,4,3,0,0,0,0,0,2,0,0,0,0,0,1,2,0,0,0,0,16,10,0,0,3,0,0,2,0,1,0,16,0,2,0,0,12,0,0,2,0,3,0,1,0,0,1,0,1,0,0,0,0,1,0,0,0,0,0,0,0,0,0,0,0,0,0,0,0,0,0,14,0,0,0,0,0,12,2,0,0,0,8,0,2,1,0,1,2,1,0,0,1,0,0,0,0,0,0,0,0,0,0,0,0,0,0,0,0,4,1,1,2,0,0,0,0,0,0,0,0,28,0,1,0,18,3,1,0,4,0,1,59,12,0,29,1,1,5,0,0,1,6,4,11,1,0,0,0,0,0,0,0,0,0,0,0,10,0,0,0,0,0,0,0,0,0,0,0,0,0,0,0,0,0,0,0,0,0,0,33,0,1,38,6,0,0,0,0,0,0,0,0
"22660","co 2-59m A","2014-03-01",29,206,18,7,1,0,9,9,0,0,0,0,0,5,0,0,0,1,0,1,1,0,0,0,0,18,12,0,0,0,1,1,0,1,1,2,17,0,0,0,0,13,0,0,4,0,10,1,1,0,0,0,0,2,0,0,1,1,5,0,0,0,0,0,0,0,0,0,0,0,0,0,0,0,0,0,11,0,0,0,0,0,8,3,0,0,0,16,0,1,0,1,0,9,2,2,0,1,1,1,0,0,0,0,0,0,0,2,1,0,0,1,0,0,8,1,0,4,0,2,1,0,0,0,0,0,17,2,0,0,11,0,1,0,1,0,2,41,3,0,19,0,0,8,0,2,1,3,5,11,1,0,0,0,0,0,0,1,0,0,0,0,9,0,0,0,0,0,0,0,0,0,0,0,0,0,0,0,0,0,0,0,0,0,0,22,0,4,22,3,0,0,0,0,0,0,0,0
"22661","co 2-59m A","2014-04-01",23,187,15,6,1,0,4,4,0,0,0,0,1,2,1,0,1,1,0,1,1,1,0,0,1,18,12,0,0,1,0,1,0,1,2,1,10,0,0,0,0,7,0,0,3,0,10,0,2,0,0,0,2,3,0,1,0,2,2,0,0,0,0,0,0,0,0,0,0,0,0,0,0,0,0,0,6,0,0,1,0,1,2,2,0,0,0,8,0,0,0,0,0,2,0,5,0,1,0,0,0,0,0,0,0,0,0,2,1,1,0,0,0,0,3,2,0,0,0,1,0,0,0,0,0,0,8,0,0,0,7,0,0,0,0,0,1,44,7,0,26,0,0,4,0,0,1,3,3,18,0,1,0,0,0,0,0,2,0,0,0,0,15,0,0,0,0,0,0,0,0,0,0,0,0,0,0,0,0,0,0,0,0,0,0,30,0,6,30,3,0,0,0,0,0,0,0,0
"22662","co 2-59m A","2014-05-01",40,225,8,6,0,0,4,2,0,0,0,0,0,1,0,0,1,0,1,0,1,0,0,0,0,17,8,0,1,6,0,0,1,0,0,1,14,0,0,0,0,12,0,0,2,0,9,0,1,1,0,0,0,1,0,0,0,3,4,0,0,0,0,0,0,0,0,0,0,0,0,0,0,0,0,0,5,0,0,0,0,0,3,2,0,0,0,14,0,3,0,0,0,4,0,6,1,0,1,1,0,0,0,0,0,0,0,0,0,0,0,0,0,0,3,1,0,2,0,0,0,0,0,0,0,0,22,3,1,0,13,3,0,0,2,0,0,52,6,0,30,1,0,6,0,2,1,3,3,23,1,0,0,0,0,0,0,4,0,0,0,0,18,0,0,0,0,0,0,0,0,0,0,0,0,0,0,0,0,0,0,0,0,0,0,46,0,2,40,4,0,0,0,0,0,0,0,0
"22663","co 2-59m A","2014-06-01",35,213,9,3,1,0,4,3,0,0,0,0,1,0,0,0,1,1,0,1,0,0,0,0,0,14,6,0,0,3,0,0,0,1,2,2,25,0,0,0,1,18,0,0,6,0,9,0,0,1,0,1,1,2,0,0,0,2,2,0,0,0,0,0,0,0,0,0,0,0,0,0,0,0,0,0,8,0,0,0,0,0,5,3,0,0,0,6,0,0,0,0,0,4,0,1,1,0,2,1,0,0,0,1,0,0,0,0,0,0,0,0,0,0,6,1,0,4,0,0,1,0,0,0,0,0,23,2,1,0,14,3,0,0,2,0,1,51,4,0,28,1,0,8,0,1,1,4,4,13,1,0,0,0,0,0,0,0,0,0,0,0,12,0,0,0,0,0,0,0,0,0,0,0,0,0,0,0,0,0,0,0,0,0,0,35,0,2,41,7,0,0,0,0,0,0,0,0
"22664","co 2-59m A","2014-07-01",26,213,11,8,1,0,9,9,0,0,0,0,0,0,1,0,0,0,0,0,0,0,0,0,0,19,7,0,0,4,0,2,0,2,4,0,16,0,0,0,0,12,0,0,4,0,9,1,4,0,0,0,0,1,0,0,1,2,4,0,0,0,0,0,0,0,0,0,0,0,0,0,0,0,0,0,9,0,0,1,0,0,7,1,0,0,0,9,0,3,0,0,0,3,1,1,1,0,0,0,0,0,0,0,0,0,0,2,1,0,0,1,0,0,3,1,0,0,0,1,1,0,0,0,0,0,23,0,0,0,15,2,2,0,2,0,2,50,7,0,28,2,0,4,0,1,0,6,2,18,1,0,0,0,0,0,0,2,0,0,0,0,15,0,0,0,0,0,0,0,0,0,0,0,0,0,0,0,0,0,0,0,0,0,0,28,0,5,31,4,0,0,0,0,0,0,0,0
"22665","co 2-59m A","2014-08-01",19,232,19,7,0,0,15,13,0,1,0,0,0,2,0,0,0,0,0,1,0,0,0,0,0,18,13,0,0,2,0,1,0,0,0,2,24,0,0,0,0,20,0,0,4,0,10,0,4,1,0,1,0,2,0,0,0,3,3,0,0,0,0,0,0,0,0,0,0,0,0,0,0,0,0,0,11,0,0,0,0,3,6,2,0,0,0,8,0,3,1,0,0,1,0,3,0,0,0,0,0,0,0,0,0,0,0,0,0,0,0,0,0,0,6,1,1,0,0,2,2,0,0,0,0,0,27,0,0,0,18,4,0,0,1,0,4,42,3,0,20,2,0,6,0,0,3,5,3,12,1,0,0,0,0,0,0,0,0,0,0,0,11,0,0,0,0,0,0,0,0,0,0,0,0,0,0,0,0,0,0,0,0,0,0,35,0,5,43,8,0,0,0,0,0,0,0,0
"22666","co 2-59m A","2014-09-01",22,211,10,10,0,0,1,1,0,0,0,0,0,2,2,1,0,3,0,0,1,0,0,0,0,23,9,0,0,4,0,1,2,2,2,3,9,0,1,0,0,5,0,0,3,0,9,1,0,1,0,0,0,3,0,0,0,2,2,0,0,0,0,0,0,0,0,0,0,0,0,0,0,0,0,0,8,0,0,0,0,0,5,3,0,0,0,12,0,1,1,0,0,7,0,2,0,1,0,0,0,0,0,0,0,0,0,2,1,1,0,0,0,0,4,0,0,3,0,0,1,0,0,0,0,0,23,1,1,0,8,7,2,0,3,0,1,46,7,0,20,1,0,7,0,1,0,5,5,19,1,0,0,0,0,0,0,1,0,0,0,0,17,0,0,0,0,0,0,0,0,0,0,0,0,0,0,0,0,0,0,0,0,0,0,24,0,6,27,6,0,0,0,0,0,0,0,0
"22667","co 2-59m A","2014-10-01",30,208,11,10,1,0,5,5,0,0,0,0,1,2,0,0,0,2,0,0,0,0,0,0,0,16,12,0,1,0,0,0,1,0,1,1,22,0,1,0,0,15,0,0,6,0,8,0,3,0,0,0,0,5,0,0,0,0,3,0,0,0,0,0,0,0,0,0,0,0,0,0,0,0,0,0,8,0,0,0,0,0,5,3,0,0,0,5,0,0,0,1,0,0,1,1,0,2,2,0,0,0,0,1,0,0,1,0,0,0,0,0,0,0,3,0,0,1,0,2,0,0,0,0,0,0,16,0,2,0,9,2,1,0,0,0,2,53,7,0,32,0,0,6,0,1,1,3,3,18,1,0,0,0,0,0,0,2,0,0,0,0,15,0,0,0,0,0,0,0,0,0,0,0,0,0,0,0,0,0,0,0,0,0,0,31,0,3,25,2,0,0,0,0,0,0,0,0
"22668","co 2-59m A","2014-11-01",27,193,9,7,0,1,7,8,0,0,0,0,0,1,0,0,0,0,0,0,0,0,0,0,0,16,10,0,0,3,0,1,0,1,0,1,18,0,0,0,0,14,0,0,4,0,11,0,2,0,0,0,0,6,0,0,0,1,4,0,0,0,0,0,0,0,0,0,0,0,0,0,0,0,0,0,9,0,0,1,0,1,4,2,0,1,0,11,0,0,0,1,0,2,1,2,1,4,0,0,0,0,0,0,0,0,0,0,0,0,0,0,0,0,8,0,0,6,0,0,2,0,0,0,0,0,20,0,0,0,9,6,0,0,2,0,3,39,5,0,19,1,0,2,0,0,2,6,4,9,0,0,0,0,0,0,0,1,0,0,0,0,8,0,0,0,0,0,0,0,0,0,0,0,0,0,0,0,0,0,0,0,0,0,0,27,0,2,28,7,0,0,0,0,0,0,0,0
"22669","co 2-59m A","2014-12-01",35,251,17,12,0,0,13,10,0,0,0,0,1,1,0,0,0,2,0,0,0,0,0,0,0,16,10,0,0,5,0,0,0,0,0,1,28,0,0,0,0,26,0,0,2,1,8,0,0,0,0,0,0,4,0,0,0,0,4,1,0,1,0,0,0,0,0,0,0,0,0,0,0,0,0,0,8,0,0,0,0,2,3,3,0,0,0,12,0,1,0,0,0,7,0,1,2,1,1,1,0,0,0,0,0,0,0,0,0,0,0,0,0,0,5,0,1,2,0,1,1,0,0,0,0,0,23,0,1,0,10,7,1,0,4,0,0,52,6,0,31,3,0,4,0,1,0,2,5,19,1,0,0,0,0,0,0,1,0,0,0,0,17,0,0,0,0,0,0,0,0,0,0,0,0,0,0,0,0,0,0,0,0,0,0,40,0,3,43,5,0,0,0,0,0,0,0,0
"22670","co 2-59m A","2015-01-01",36,210,14,21,2,0,5,5,0,0,0,0,0,4,0,0,0,0,1,1,1,0,0,0,0,12,10,0,0,1,0,0,0,0,0,1,16,0,0,1,0,14,0,0,1,0,9,0,3,1,0,0,0,4,0,0,0,2,2,0,0,0,0,0,0,0,0,0,0,0,0,0,0,0,0,0,10,0,0,1,0,0,6,2,0,1,0,13,0,0,2,0,1,4,2,3,0,1,1,1,0,0,0,0,0,0,0,0,0,0,0,0,0,0,1,0,0,1,0,0,0,0,0,0,0,0,24,0,0,0,18,3,1,0,1,0,1,40,3,0,13,2,0,11,0,1,3,4,3,12,0,0,0,0,0,0,0,0,0,0,0,0,12,0,0,0,0,0,0,0,0,0,0,0,0,0,0,0,0,0,0,0,0,0,0,28,0,0,37,9,0,0,0,0,0,0,0,0
"22671","co 2-59m A","2015-02-01",32,180,5,6,1,0,1,0,0,0,0,0,0,1,1,0,1,0,0,0,0,0,0,0,0,12,8,0,2,0,0,0,1,0,0,1,14,0,0,0,1,12,0,0,1,1,6,0,3,0,0,0,0,2,0,1,0,2,1,0,0,0,0,0,0,0,0,0,0,0,0,0,0,0,0,0,6,0,0,0,0,0,6,0,0,0,0,10,0,0,0,0,0,4,1,5,0,0,3,2,0,0,0,0,0,0,1,0,0,0,0,0,0,0,1,0,0,1,0,0,0,0,0,0,0,0,26,1,0,0,13,9,0,0,2,0,1,41,5,0,15,3,0,6,0,0,2,6,4,18,1,0,0,0,0,0,0,3,0,0,0,0,14,0,0,0,0,0,0,0,0,0,0,0,0,0,0,0,0,0,0,0,0,0,0,24,0,2,27,5,0,0,0,0,0,0,0,0
"22672","co 2-59m A","2015-03-01",27,183,9,12,0,0,5,4,1,0,0,0,0,1,0,0,0,2,0,0,0,0,0,0,0,18,17,0,0,0,1,0,0,0,0,0,11,0,0,0,0,9,0,0,2,0,13,1,2,3,0,1,0,3,0,1,0,1,3,0,0,0,0,0,0,0,0,0,0,0,0,0,0,0,0,0,7,0,0,0,0,0,7,0,0,0,0,8,0,0,0,1,1,3,0,3,0,0,1,0,0,1,0,0,0,0,0,2,0,1,0,1,0,0,4,1,0,3,0,0,0,0,0,0,0,0,11,1,0,0,9,0,0,0,1,0,0,35,6,0,19,0,0,3,0,0,0,2,5,16,1,0,0,0,0,0,0,1,0,0,0,0,14,0,0,0,0,0,0,0,0,0,0,0,0,0,0,0,0,0,0,0,0,0,0,32,0,1,30,3,0,0,0,0,0,0,0,0
"22673","co 2-59m A","2015-04-01",29,175,5,9,0,0,3,3,0,0,0,0,0,0,0,0,1,0,0,1,0,0,0,0,0,17,11,0,0,2,0,1,2,1,0,0,11,0,1,0,1,8,0,0,1,0,8,0,2,0,0,0,0,3,0,0,0,2,3,0,0,0,0,0,0,0,0,0,0,0,0,0,0,0,0,0,11,0,0,0,0,1,9,1,0,0,0,9,0,2,0,0,0,4,1,2,0,0,0,0,0,0,0,0,0,0,0,0,0,0,0,0,0,0,2,1,0,1,0,0,0,0,0,0,0,0,18,0,0,0,13,1,0,0,3,0,1,36,5,0,16,0,0,5,0,0,4,2,4,17,0,0,0,0,0,0,0,2,0,0,0,0,15,0,0,0,0,0,0,0,0,0,0,0,0,0,0,0,0,0,0,0,0,0,0,27,0,3,29,2,0,0,0,0,0,0,0,0
"22674","co 2-59m A","2015-05-01",22,214,15,5,1,0,5,5,2,0,0,0,0,3,0,0,2,0,0,1,1,0,0,0,0,19,8,0,1,1,1,1,1,3,0,3,16,0,0,0,1,13,0,0,2,0,14,0,2,2,0,0,0,2,0,0,0,3,7,0,0,0,0,0,0,0,0,0,0,0,0,0,0,0,0,0,4,0,0,0,0,0,2,1,1,0,0,11,0,3,0,0,0,4,1,3,0,0,1,1,0,0,0,0,0,0,0,0,0,0,0,0,0,0,6,0,1,3,0,0,2,0,0,0,0,0,27,3,2,0,8,7,0,0,6,0,1,50,11,0,21,1,0,6,0,1,3,2,5,13,0,0,0,0,0,0,0,0,0,0,0,0,13,0,0,0,0,0,0,0,0,0,0,0,0,0,0,0,0,0,0,0,0,0,0,27,0,3,28,3,0,0,0,0,0,0,0,0
"22675","co 2-59m A","2015-06-01",30,201,11,10,0,0,7,7,0,0,0,0,0,0,0,0,1,1,0,2,0,0,0,0,0,17,12,0,0,1,0,1,0,1,2,0,17,0,0,0,0,10,0,0,7,1,15,0,1,0,0,0,0,3,0,0,1,3,8,0,0,0,0,0,0,0,0,0,0,0,0,0,0,0,0,0,4,0,0,0,0,0,2,2,0,0,0,8,0,0,0,0,0,4,0,3,1,0,0,0,0,0,0,0,0,0,0,1,0,1,0,0,0,0,3,1,1,0,0,0,1,0,0,0,0,0,20,0,2,0,9,5,0,0,2,0,2,49,4,0,24,0,0,4,0,0,2,7,8,14,0,0,0,0,0,0,0,1,0,0,0,0,13,0,0,0,0,0,0,0,0,0,0,0,0,0,0,0,0,0,0,0,0,0,0,27,0,1,28,3,0,0,0,0,0,0,0,0
"22676","co 2-59m A","2015-07-01",32,199,10,8,1,0,6,6,0,0,0,0,0,2,0,0,0,0,0,0,1,0,0,0,0,19,12,0,0,3,1,0,0,1,2,0,21,0,1,1,0,17,0,0,2,0,9,0,2,1,0,0,0,1,0,0,0,3,4,0,0,0,0,0,0,0,0,0,0,0,0,0,0,0,0,0,8,0,0,0,0,0,5,2,0,1,0,5,0,0,0,1,0,2,0,2,0,0,0,0,0,0,0,0,0,0,0,1,1,0,0,0,0,0,2,1,0,1,0,0,0,0,0,0,0,0,28,1,1,0,12,7,0,0,5,0,2,48,5,0,27,2,0,6,0,0,1,3,4,19,1,0,0,0,0,0,0,2,0,0,0,0,16,0,0,0,0,0,0,0,0,0,0,0,0,0,0,0,0,0,0,0,0,0,0,18,0,0,19,3,0,0,0,0,0,0,0,0
"22677","co 2-59m A","2015-08-01",28,190,11,14,1,0,7,6,0,0,0,0,0,1,0,0,1,0,0,0,1,0,0,0,0,12,11,0,0,1,0,0,0,0,0,0,18,0,0,0,1,15,0,0,2,0,13,0,0,0,0,0,1,2,0,1,1,3,5,0,0,0,0,0,0,0,0,0,0,0,0,0,0,0,0,0,10,0,0,0,0,0,8,2,0,0,0,5,0,1,1,0,0,1,2,0,0,0,2,2,0,0,0,0,0,0,0,1,0,1,0,0,0,0,4,0,0,3,0,0,1,0,0,0,0,0,21,1,0,0,13,2,1,1,2,0,1,41,5,0,21,3,0,6,0,0,0,0,6,14,0,0,0,0,0,0,0,0,0,0,0,0,14,0,0,0,0,0,0,0,0,0,0,0,0,0,0,0,0,0,0,0,0,0,0,18,1,2,20,3,0,0,0,0,0,0,0,0
"22678","co 2-59m A","2015-09-01",30,204,15,13,0,0,9,8,0,0,0,0,0,1,0,1,0,1,0,1,2,0,0,0,0,13,6,0,0,4,0,0,0,3,0,0,15,0,0,0,0,14,0,0,1,0,15,0,3,0,0,0,0,2,0,0,0,9,4,0,0,0,0,0,0,0,0,0,0,0,0,0,0,0,0,0,5,0,0,0,0,0,4,1,0,0,0,1,0,0,0,0,0,1,0,0,0,0,0,0,0,0,0,0,0,0,0,1,1,0,0,0,0,0,1,0,0,0,0,0,1,0,0,0,0,0,29,0,0,0,16,5,1,0,3,0,4,40,7,0,18,1,0,2,0,0,0,8,4,29,1,0,0,0,0,0,0,0,0,0,0,0,28,0,0,0,0,0,0,0,0,0,0,0,0,0,0,0,0,0,0,0,0,0,0,20,0,3,24,4,0,0,0,0,0,0,0,0
"22679","co 2-59m A","2015-10-01",36,205,14,6,1,0,9,7,0,0,0,0,0,3,0,0,0,0,0,0,1,0,0,0,0,15,7,0,0,2,0,1,3,1,0,1,15,0,0,0,0,14,0,0,1,0,10,0,2,0,0,0,0,2,0,0,0,3,5,0,0,0,0,0,0,0,0,0,0,0,0,0,0,0,0,0,9,0,0,0,0,0,5,4,0,0,0,10,0,0,0,1,0,7,2,0,0,0,0,0,0,0,0,0,0,0,0,0,0,0,0,0,0,0,1,1,0,0,0,0,0,0,0,0,0,0,27,1,1,0,9,5,1,0,4,0,6,55,6,0,26,4,1,6,0,1,3,1,7,16,0,0,0,0,0,0,0,2,0,0,0,0,14,0,0,0,0,0,0,0,0,0,0,0,0,0,0,0,0,0,0,0,0,0,0,23,0,3,23,1,0,0,0,0,0,0,0,0
"22680","co 2-59m A","2015-11-01",26,196,16,8,0,0,8,6,0,0,0,0,0,5,0,0,1,1,0,1,0,0,0,0,0,12,8,0,0,3,0,0,0,0,0,1,20,0,0,0,0,18,0,0,2,0,9,0,2,0,0,0,0,3,0,1,0,1,4,0,0,0,0,0,0,0,0,0,0,0,0,0,0,0,0,0,7,0,0,0,0,1,5,1,0,0,0,7,0,0,0,1,0,2,0,3,0,1,1,0,0,0,0,1,0,0,0,3,1,0,0,2,0,0,1,0,0,1,0,0,0,0,0,0,0,0,16,0,1,0,11,0,2,0,2,0,0,36,4,0,21,1,0,3,0,0,1,3,3,23,0,0,0,0,0,0,0,2,0,0,0,0,21,0,0,0,0,0,0,0,0,0,0,0,0,0,0,0,0,0,0,0,0,0,0,27,0,4,32,6,0,0,0,0,0,0,0,0
"22681","co 2-59m A","2015-12-01",35,232,14,8,0,0,8,8,0,0,0,0,0,3,0,1,0,2,0,0,0,0,0,0,0,17,13,0,0,2,0,1,0,0,0,1,24,0,1,0,1,19,0,0,3,0,8,0,1,1,0,0,0,1,0,0,0,3,3,0,0,0,0,0,0,0,0,0,0,0,0,0,0,0,0,0,19,0,0,1,0,1,11,6,0,0,0,8,0,1,0,0,0,4,0,2,0,1,0,0,0,0,0,0,0,0,0,0,0,0,0,0,0,0,3,2,0,1,0,0,0,0,0,0,0,0,19,2,2,0,10,2,0,0,1,0,2,50,12,0,19,1,0,3,0,1,0,7,7,21,0,0,0,0,0,0,0,3,0,0,0,0,18,0,0,0,0,0,0,0,0,0,0,0,0,0,0,0,0,0,0,0,0,0,0,35,0,0,35,6,0,0,0,0,0,0,0,0
